seller_id,seller_tier,seller_country_code
S50000,Silver,DEU
S50001,Bronze,AUS
S50002,Gold,USA
S50003,Bronze,USA
S50004,Bronze,USA
S50005,Gold,AUS
S50006,Gold,CAN
S50007,Gold,CAN
S50008,Bronze,USA
S50009,Bronze,DEU
S50010,Silver,GBR
S50011,Silver,DEU
S50012,Silver,USA
S50013,Bronze,GBR
S50014,Bronze,CAN
S50015,Gold,DEU
S50016,Silver,AUS
S50017,Bronze,DEU
S50018,Bronze,DEU
S50019,Bronze,DEU
S50020,Silver,CAN
S50021,Gold,AUS
S50022,Bronze,GBR
S50023,Bronze,CAN
S50024,Silver,USA
S50025,Bronze,USA
S50026,Platinum,DEU
S50027,Bronze,GBR
S50028,Silver,CAN
S50029,Bronze,USA
S50030,Gold,USA
S50031,Bronze,USA
S50032,Silver,USA
S50033,Bronze,GBR
S50034,Bronze,CAN
S50035,Silver,USA
S50036,Bronze,USA
S50037,Gold,USA
S50038,Gold,GBR
S50039,Silver,USA
S50040,Silver,USA
S50041,Silver,USA
S50042,Silver,USA
S50043,Bronze,GBR
S50044,Bronze,AUS
S50045,Silver,CAN
S50046,Bronze,USA
S50047,Bronze,USA
S50048,Bronze,AUS
S50049,Bronze,USA
S50050,Bronze,USA
S50051,Gold,GBR
S50052,Bronze,USA
S50053,Bronze,CAN
S50054,Platinum,GBR
S50055,Gold,USA
S50056,Gold,CAN
S50057,Bronze,USA
S50058,Bronze,DEU
S50059,Bronze,USA
S50060,Silver,USA
S50061,Bronze,USA
S50062,Bronze,USA
S50063,Silver,GBR
S50064,Bronze,GBR
S50065,Bronze,AUS
S50066,Platinum,DEU
S50067,Silver,AUS
S50068,Bronze,GBR
S50069,Bronze,DEU
S50070,Bronze,USA
S50071,Gold,USA
S50072,Bronze,AUS
S50073,Gold,DEU
S50074,Bronze,CAN
S50075,Gold,USA
S50076,Bronze,USA
S50077,Bronze,USA
S50078,Silver,USA
S50079,Gold,DEU
S50080,Bronze,AUS
S50081,Gold,GBR
S50082,Silver,USA
S50083,Gold,DEU
S50084,Silver,USA
S50085,Bronze,USA
S50086,Silver,GBR
S50087,Silver,USA
S50088,Bronze,GBR
S50089,Bronze,GBR
S50090,Bronze,USA
S50091,Gold,GBR
S50092,Silver,AUS
S50093,Bronze,GBR
S50094,Silver,DEU
S50095,Gold,GBR
S50096,Gold,USA
S50097,Bronze,CAN
S50098,Bronze,GBR
S50099,Platinum,USA
S50100,Gold,USA
S50101,Platinum,CAN
S50102,Gold,AUS
S50103,Silver,AUS
S50104,Bronze,DEU
S50105,Bronze,USA
S50106,Bronze,CAN
S50107,Silver,GBR
S50108,Silver,DEU
S50109,Silver,GBR
S50110,Silver,USA
S50111,Gold,DEU
S50112,Silver,USA
S50113,Bronze,CAN
S50114,Platinum,AUS
S50115,Bronze,AUS
S50116,Bronze,CAN
S50117,Gold,DEU
S50118,Gold,USA
S50119,Bronze,CAN
S50120,Bronze,GBR
S50121,Bronze,AUS
S50122,Gold,USA
S50123,Gold,CAN
S50124,Bronze,USA
S50125,Gold,GBR
S50126,Silver,USA
S50127,Bronze,USA
S50128,Bronze,USA
S50129,Bronze,USA
S50130,Silver,USA
S50131,Gold,GBR
S50132,Silver,DEU
S50133,Bronze,CAN
S50134,Bronze,AUS
S50135,Bronze,DEU
S50136,Bronze,USA
S50137,Bronze,DEU
S50138,Bronze,GBR
S50139,Bronze,DEU
S50140,Silver,CAN
S50141,Gold,GBR
S50142,Silver,AUS
S50143,Bronze,USA
S50144,Silver,USA
S50145,Bronze,AUS
S50146,Bronze,USA
S50147,Gold,CAN
S50148,Bronze,USA
S50149,Silver,CAN
S50150,Silver,USA
S50151,Platinum,CAN
S50152,Bronze,USA
S50153,Bronze,DEU
S50154,Bronze,USA
S50155,Bronze,GBR
S50156,Bronze,USA
S50157,Silver,USA
S50158,Bronze,DEU
S50159,Bronze,USA
S50160,Bronze,CAN
S50161,Silver,USA
S50162,Bronze,USA
S50163,Gold,USA
S50164,Bronze,DEU
S50165,Gold,CAN
S50166,Gold,USA
S50167,Silver,AUS
S50168,Silver,USA
S50169,Bronze,CAN
S50170,Bronze,AUS
S50171,Bronze,DEU
S50172,Silver,GBR
S50173,Bronze,USA
S50174,Bronze,GBR
S50175,Bronze,CAN
S50176,Platinum,USA
S50177,Bronze,CAN
S50178,Silver,DEU
S50179,Gold,AUS
S50180,Bronze,USA
S50181,Silver,USA
S50182,Gold,USA
S50183,Bronze,CAN
S50184,Silver,GBR
S50185,Silver,CAN
S50186,Bronze,USA
S50187,Bronze,DEU
S50188,Gold,CAN
S50189,Silver,CAN
S50190,Bronze,USA
S50191,Bronze,USA
S50192,Bronze,CAN
S50193,Bronze,USA
S50194,Silver,CAN
S50195,Platinum,USA
S50196,Bronze,USA
S50197,Silver,GBR
S50198,Silver,USA
S50199,Silver,GBR
S50200,Bronze,CAN
S50201,Bronze,USA
S50202,Bronze,GBR
S50203,Platinum,GBR
S50204,Bronze,DEU
S50205,Gold,CAN
S50206,Bronze,AUS
S50207,Silver,AUS
S50208,Silver,USA
S50209,Bronze,USA
S50210,Bronze,GBR
S50211,Bronze,CAN
S50212,Bronze,DEU
S50213,Bronze,CAN
S50214,Bronze,USA
S50215,Bronze,CAN
S50216,Bronze,AUS
S50217,Silver,CAN
S50218,Bronze,CAN
S50219,Bronze,DEU
S50220,Bronze,CAN
S50221,Silver,USA
S50222,Silver,USA
S50223,Silver,USA
S50224,Bronze,CAN
S50225,Bronze,CAN
S50226,Silver,CAN
S50227,Silver,GBR
S50228,Silver,DEU
S50229,Silver,DEU
S50230,Platinum,AUS
S50231,Gold,DEU
S50232,Silver,AUS
S50233,Silver,CAN
S50234,Bronze,GBR
S50235,Bronze,USA
S50236,Gold,CAN
S50237,Silver,USA
S50238,Gold,AUS
S50239,Bronze,USA
S50240,Bronze,CAN
S50241,Bronze,GBR
S50242,Bronze,AUS
S50243,Silver,AUS
S50244,Silver,USA
S50245,Bronze,AUS
S50246,Bronze,USA
S50247,Silver,USA
S50248,Bronze,DEU
S50249,Bronze,DEU
S50250,Gold,GBR
S50251,Platinum,USA
S50252,Bronze,DEU
S50253,Gold,USA
S50254,Platinum,USA
S50255,Bronze,USA
S50256,Bronze,CAN
S50257,Bronze,USA
S50258,Bronze,GBR
S50259,Silver,AUS
S50260,Bronze,USA
S50261,Gold,AUS
S50262,Bronze,CAN
S50263,Silver,DEU
S50264,Bronze,DEU
S50265,Silver,GBR
S50266,Silver,CAN
S50267,Silver,GBR
S50268,Bronze,AUS
S50269,Bronze,AUS
S50270,Silver,USA
S50271,Bronze,DEU
S50272,Bronze,AUS
S50273,Silver,CAN
S50274,Gold,USA
S50275,Silver,DEU
S50276,Silver,USA
S50277,Bronze,CAN
S50278,Silver,DEU
S50279,Bronze,USA
S50280,Silver,DEU
S50281,Silver,CAN
S50282,Silver,GBR
S50283,Gold,DEU
S50284,Bronze,USA
S50285,Silver,GBR
S50286,Bronze,AUS
S50287,Gold,USA
S50288,Bronze,USA
S50289,Bronze,USA
S50290,Gold,CAN
S50291,Silver,USA
S50292,Platinum,AUS
S50293,Bronze,USA
S50294,Platinum,GBR
S50295,Gold,DEU
S50296,Silver,AUS
S50297,Platinum,CAN
S50298,Bronze,AUS
S50299,Silver,USA
S50300,Gold,CAN
S50301,Gold,DEU
S50302,Bronze,CAN
S50303,Bronze,USA
S50304,Silver,AUS
S50305,Gold,CAN
S50306,Bronze,USA
S50307,Bronze,CAN
S50308,Silver,USA
S50309,Gold,CAN
S50310,Platinum,DEU
S50311,Gold,AUS
S50312,Bronze,AUS
S50313,Silver,USA
S50314,Silver,USA
S50315,Silver,AUS
S50316,Silver,USA
S50317,Gold,USA
S50318,Gold,USA
S50319,Bronze,USA
S50320,Bronze,USA
S50321,Silver,GBR
S50322,Platinum,GBR
S50323,Silver,GBR
S50324,Silver,AUS
S50325,Bronze,DEU
S50326,Bronze,USA
S50327,Bronze,AUS
S50328,Silver,AUS
S50329,Bronze,GBR
S50330,Bronze,USA
S50331,Bronze,USA
S50332,Bronze,DEU
S50333,Gold,DEU
S50334,Silver,USA
S50335,Bronze,USA
S50336,Bronze,AUS
S50337,Bronze,AUS
S50338,Bronze,CAN
S50339,Silver,CAN
S50340,Bronze,USA
S50341,Silver,DEU
S50342,Bronze,GBR
S50343,Bronze,CAN
S50344,Gold,USA
S50345,Bronze,USA
S50346,Silver,USA
S50347,Platinum,CAN
S50348,Bronze,USA
S50349,Silver,USA
S50350,Silver,GBR
S50351,Silver,CAN
S50352,Bronze,AUS
S50353,Silver,AUS
S50354,Gold,AUS
S50355,Bronze,CAN
S50356,Bronze,GBR
S50357,Bronze,USA
S50358,Bronze,CAN
S50359,Bronze,USA
S50360,Bronze,USA
S50361,Bronze,AUS
S50362,Bronze,GBR
S50363,Bronze,CAN
S50364,Bronze,USA
S50365,Silver,DEU
S50366,Bronze,USA
S50367,Silver,USA
S50368,Bronze,DEU
S50369,Silver,USA
S50370,Bronze,DEU
S50371,Silver,USA
S50372,Bronze,GBR
S50373,Bronze,USA
S50374,Bronze,CAN
S50375,Silver,DEU
S50376,Silver,USA
S50377,Bronze,USA
S50378,Bronze,CAN
S50379,Bronze,CAN
S50380,Bronze,AUS
S50381,Silver,USA
S50382,Platinum,USA
S50383,Bronze,CAN
S50384,Bronze,DEU
S50385,Platinum,GBR
S50386,Gold,GBR
S50387,Silver,AUS
S50388,Silver,USA
S50389,Gold,USA
S50390,Bronze,USA
S50391,Bronze,USA
S50392,Silver,GBR
S50393,Bronze,USA
S50394,Gold,USA
S50395,Bronze,USA
S50396,Bronze,AUS
S50397,Gold,USA
S50398,Bronze,GBR
S50399,Silver,USA
S50400,Gold,CAN
S50401,Silver,DEU
S50402,Bronze,CAN
S50403,Bronze,AUS
S50404,Silver,AUS
S50405,Silver,GBR
S50406,Silver,USA
S50407,Silver,CAN
S50408,Bronze,DEU
S50409,Platinum,USA
S50410,Silver,USA
S50411,Silver,AUS
S50412,Gold,USA
S50413,Bronze,USA
S50414,Bronze,CAN
S50415,Bronze,USA
S50416,Bronze,USA
S50417,Bronze,USA
S50418,Silver,USA
S50419,Silver,USA
S50420,Gold,USA
S50421,Bronze,DEU
S50422,Bronze,DEU
S50423,Gold,USA
S50424,Bronze,USA
S50425,Silver,USA
S50426,Silver,DEU
S50427,Gold,USA
S50428,Bronze,CAN
S50429,Silver,GBR
S50430,Silver,USA
S50431,Silver,USA
S50432,Bronze,CAN
S50433,Gold,CAN
S50434,Bronze,USA
S50435,Silver,GBR
S50436,Gold,GBR
S50437,Bronze,USA
S50438,Platinum,CAN
S50439,Silver,DEU
S50440,Platinum,GBR
S50441,Bronze,GBR
S50442,Bronze,USA
S50443,Silver,CAN
S50444,Bronze,CAN
S50445,Bronze,CAN
S50446,Bronze,AUS
S50447,Silver,USA
S50448,Gold,AUS
S50449,Silver,CAN
S50450,Silver,USA
S50451,Bronze,USA
S50452,Silver,CAN
S50453,Bronze,AUS
S50454,Silver,USA
S50455,Silver,CAN
S50456,Bronze,AUS
S50457,Silver,CAN
S50458,Silver,USA
S50459,Bronze,DEU
S50460,Gold,AUS
S50461,Platinum,GBR
S50462,Bronze,USA
S50463,Silver,USA
S50464,Bronze,GBR
S50465,Bronze,USA
S50466,Bronze,CAN
S50467,Bronze,USA
S50468,Silver,CAN
S50469,Gold,AUS
S50470,Silver,AUS
S50471,Bronze,DEU
S50472,Bronze,USA
S50473,Bronze,CAN
S50474,Silver,GBR
S50475,Bronze,USA
S50476,Bronze,USA
S50477,Bronze,DEU
S50478,Bronze,USA
S50479,Gold,DEU
S50480,Bronze,USA
S50481,Bronze,CAN
S50482,Bronze,AUS
S50483,Bronze,CAN
S50484,Platinum,USA
S50485,Gold,CAN
S50486,Gold,AUS
S50487,Gold,AUS
S50488,Bronze,USA
S50489,Bronze,USA
S50490,Gold,GBR
S50491,Gold,USA
S50492,Silver,USA
S50493,Bronze,CAN
S50494,Bronze,CAN
S50495,Gold,GBR
S50496,Bronze,GBR
S50497,Gold,AUS
S50498,Bronze,AUS
S50499,Bronze,USA
S50500,Bronze,USA
S50501,Silver,DEU
S50502,Platinum,DEU
S50503,Silver,GBR
S50504,Bronze,USA
S50505,Bronze,DEU
S50506,Bronze,DEU
S50507,Bronze,CAN
S50508,Bronze,AUS
S50509,Gold,USA
S50510,Silver,USA
S50511,Platinum,CAN
S50512,Bronze,USA
S50513,Silver,USA
S50514,Silver,AUS
S50515,Silver,USA
S50516,Platinum,DEU
S50517,Bronze,USA
S50518,Bronze,USA
S50519,Bronze,DEU
S50520,Silver,AUS
S50521,Bronze,AUS
S50522,Gold,USA
S50523,Platinum,GBR
S50524,Bronze,AUS
S50525,Bronze,AUS
S50526,Silver,AUS
S50527,Bronze,DEU
S50528,Silver,DEU
S50529,Bronze,USA
S50530,Bronze,AUS
S50531,Bronze,USA
S50532,Silver,GBR
S50533,Silver,AUS
S50534,Bronze,AUS
S50535,Silver,DEU
S50536,Silver,USA
S50537,Bronze,DEU
S50538,Silver,CAN
S50539,Bronze,USA
S50540,Bronze,USA
S50541,Silver,CAN
S50542,Bronze,DEU
S50543,Silver,AUS
S50544,Bronze,GBR
S50545,Bronze,USA
S50546,Bronze,USA
S50547,Silver,USA
S50548,Bronze,AUS
S50549,Silver,USA
S50550,Gold,USA
S50551,Bronze,USA
S50552,Silver,USA
S50553,Platinum,AUS
S50554,Silver,USA
S50555,Silver,DEU
S50556,Bronze,CAN
S50557,Bronze,USA
S50558,Gold,GBR
S50559,Silver,DEU
S50560,Bronze,USA
S50561,Silver,GBR
S50562,Gold,AUS
S50563,Bronze,CAN
S50564,Bronze,USA
S50565,Bronze,AUS
S50566,Silver,DEU
S50567,Silver,USA
S50568,Bronze,CAN
S50569,Silver,USA
S50570,Silver,AUS
S50571,Bronze,GBR
S50572,Gold,AUS
S50573,Silver,GBR
S50574,Silver,USA
S50575,Bronze,GBR
S50576,Bronze,GBR
S50577,Silver,AUS
S50578,Silver,CAN
S50579,Bronze,DEU
S50580,Gold,USA
S50581,Gold,USA
S50582,Bronze,DEU
S50583,Silver,GBR
S50584,Silver,USA
S50585,Gold,GBR
S50586,Silver,AUS
S50587,Silver,GBR
S50588,Silver,CAN
S50589,Bronze,AUS
S50590,Silver,USA
S50591,Bronze,USA
S50592,Gold,USA
S50593,Bronze,AUS
S50594,Silver,USA
S50595,Bronze,USA
S50596,Bronze,CAN
S50597,Silver,CAN
S50598,Silver,AUS
S50599,Bronze,GBR
S50600,Gold,GBR
S50601,Bronze,USA
S50602,Platinum,DEU
S50603,Bronze,CAN
S50604,Gold,DEU
S50605,Gold,DEU
S50606,Bronze,USA
S50607,Bronze,USA
S50608,Silver,CAN
S50609,Bronze,GBR
S50610,Bronze,USA
S50611,Silver,AUS
S50612,Silver,USA
S50613,Bronze,GBR
S50614,Silver,USA
S50615,Silver,GBR
S50616,Silver,USA
S50617,Bronze,AUS
S50618,Silver,CAN
S50619,Bronze,GBR
S50620,Silver,AUS
S50621,Silver,GBR
S50622,Gold,DEU
S50623,Bronze,GBR
S50624,Platinum,CAN
S50625,Bronze,CAN
S50626,Platinum,CAN
S50627,Silver,USA
S50628,Bronze,CAN
S50629,Bronze,AUS
S50630,Bronze,USA
S50631,Platinum,DEU
S50632,Silver,USA
S50633,Silver,USA
S50634,Bronze,GBR
S50635,Silver,USA
S50636,Bronze,DEU
S50637,Gold,USA
S50638,Platinum,USA
S50639,Gold,USA
S50640,Bronze,AUS
S50641,Bronze,USA
S50642,Bronze,AUS
S50643,Bronze,DEU
S50644,Bronze,CAN
S50645,Bronze,USA
S50646,Platinum,USA
S50647,Silver,DEU
S50648,Bronze,USA
S50649,Bronze,CAN
S50650,Bronze,DEU
S50651,Bronze,DEU
S50652,Silver,DEU
S50653,Bronze,USA
S50654,Silver,USA
S50655,Bronze,AUS
S50656,Bronze,GBR
S50657,Bronze,AUS
S50658,Gold,AUS
S50659,Silver,GBR
S50660,Bronze,AUS
S50661,Silver,USA
S50662,Silver,GBR
S50663,Silver,GBR
S50664,Bronze,AUS
S50665,Bronze,USA
S50666,Bronze,AUS
S50667,Bronze,CAN
S50668,Silver,GBR
S50669,Silver,DEU
S50670,Silver,DEU
S50671,Platinum,AUS
S50672,Bronze,GBR
S50673,Silver,GBR
S50674,Gold,USA
S50675,Gold,CAN
S50676,Bronze,AUS
S50677,Bronze,USA
S50678,Silver,CAN
S50679,Bronze,AUS
S50680,Bronze,DEU
S50681,Bronze,GBR
S50682,Silver,USA
S50683,Bronze,USA
S50684,Bronze,CAN
S50685,Silver,USA
S50686,Bronze,USA
S50687,Gold,AUS
S50688,Bronze,USA
S50689,Silver,DEU
S50690,Bronze,USA
S50691,Bronze,CAN
S50692,Gold,AUS
S50693,Silver,USA
S50694,Gold,USA
S50695,Bronze,CAN
S50696,Platinum,DEU
S50697,Platinum,GBR
S50698,Gold,GBR
S50699,Gold,AUS
S50700,Silver,USA
S50701,Gold,AUS
S50702,Silver,GBR
S50703,Silver,GBR
S50704,Silver,DEU
S50705,Bronze,USA
S50706,Bronze,USA
S50707,Bronze,DEU
S50708,Bronze,DEU
S50709,Silver,AUS
S50710,Gold,USA
S50711,Bronze,CAN
S50712,Silver,CAN
S50713,Bronze,CAN
S50714,Bronze,DEU
S50715,Silver,CAN
S50716,Bronze,CAN
S50717,Bronze,USA
S50718,Bronze,USA
S50719,Bronze,USA
S50720,Silver,USA
S50721,Bronze,AUS
S50722,Gold,CAN
S50723,Silver,CAN
S50724,Bronze,AUS
S50725,Bronze,USA
S50726,Gold,USA
S50727,Silver,USA
S50728,Silver,USA
S50729,Silver,USA
S50730,Bronze,USA
S50731,Bronze,DEU
S50732,Silver,AUS
S50733,Silver,CAN
S50734,Bronze,AUS
S50735,Silver,GBR
S50736,Bronze,GBR
S50737,Bronze,USA
S50738,Bronze,GBR
S50739,Bronze,CAN
S50740,Gold,USA
S50741,Silver,USA
S50742,Silver,AUS
S50743,Platinum,GBR
S50744,Silver,AUS
S50745,Bronze,DEU
S50746,Bronze,GBR
S50747,Bronze,GBR
S50748,Silver,USA
S50749,Bronze,USA
S50750,Gold,USA
S50751,Silver,CAN
S50752,Silver,USA
S50753,Platinum,GBR
S50754,Silver,GBR
S50755,Silver,USA
S50756,Gold,CAN
S50757,Bronze,CAN
S50758,Gold,DEU
S50759,Gold,GBR
S50760,Gold,AUS
S50761,Bronze,GBR
S50762,Silver,USA
S50763,Silver,AUS
S50764,Bronze,GBR
S50765,Silver,USA
S50766,Platinum,GBR
S50767,Bronze,DEU
S50768,Silver,USA
S50769,Gold,USA
S50770,Silver,CAN
S50771,Bronze,CAN
S50772,Silver,DEU
S50773,Bronze,GBR
S50774,Gold,DEU
S50775,Bronze,CAN
S50776,Bronze,AUS
S50777,Bronze,CAN
S50778,Bronze,USA
S50779,Silver,AUS
S50780,Bronze,GBR
S50781,Bronze,USA
S50782,Silver,USA
S50783,Bronze,USA
S50784,Bronze,CAN
S50785,Silver,DEU
S50786,Bronze,DEU
S50787,Bronze,GBR
S50788,Silver,GBR
S50789,Silver,USA
S50790,Silver,USA
S50791,Bronze,CAN
S50792,Bronze,USA
S50793,Gold,USA
S50794,Bronze,GBR
S50795,Platinum,GBR
S50796,Bronze,DEU
S50797,Bronze,USA
S50798,Silver,GBR
S50799,Platinum,AUS
S50800,Bronze,DEU
S50801,Bronze,AUS
S50802,Gold,USA
S50803,Bronze,GBR
S50804,Silver,USA
S50805,Silver,CAN
S50806,Bronze,CAN
S50807,Bronze,USA
S50808,Bronze,GBR
S50809,Silver,USA
S50810,Bronze,CAN
S50811,Silver,AUS
S50812,Bronze,USA
S50813,Gold,CAN
S50814,Silver,AUS
S50815,Platinum,CAN
S50816,Bronze,CAN
S50817,Silver,USA
S50818,Silver,USA
S50819,Bronze,CAN
S50820,Bronze,AUS
S50821,Bronze,GBR
S50822,Silver,GBR
S50823,Gold,USA
S50824,Bronze,USA
S50825,Gold,AUS
S50826,Silver,USA
S50827,Gold,GBR
S50828,Gold,AUS
S50829,Bronze,CAN
S50830,Silver,USA
S50831,Bronze,AUS
S50832,Bronze,GBR
S50833,Silver,USA
S50834,Silver,USA
S50835,Silver,DEU
S50836,Silver,GBR
S50837,Gold,GBR
S50838,Gold,CAN
S50839,Silver,DEU
S50840,Bronze,USA
S50841,Silver,DEU
S50842,Bronze,USA
S50843,Bronze,USA
S50844,Gold,DEU
S50845,Silver,DEU
S50846,Bronze,CAN
S50847,Bronze,AUS
S50848,Silver,AUS
S50849,Bronze,CAN
S50850,Bronze,GBR
S50851,Gold,USA
S50852,Silver,GBR
S50853,Bronze,AUS
S50854,Gold,CAN
S50855,Silver,USA
S50856,Silver,DEU
S50857,Bronze,USA
S50858,Silver,CAN
S50859,Silver,USA
S50860,Bronze,GBR
S50861,Bronze,USA
S50862,Bronze,CAN
S50863,Bronze,CAN
S50864,Bronze,USA
S50865,Bronze,GBR
S50866,Bronze,CAN
S50867,Platinum,USA
S50868,Bronze,USA
S50869,Silver,USA
S50870,Gold,DEU
S50871,Silver,CAN
S50872,Bronze,USA
S50873,Bronze,DEU
S50874,Bronze,USA
S50875,Platinum,DEU
S50876,Silver,GBR
S50877,Silver,GBR
S50878,Silver,USA
S50879,Silver,USA
S50880,Bronze,USA
S50881,Gold,USA
S50882,Silver,GBR
S50883,Bronze,USA
S50884,Gold,GBR
S50885,Bronze,GBR
S50886,Bronze,USA
S50887,Bronze,DEU
S50888,Silver,DEU
S50889,Platinum,USA
S50890,Bronze,AUS
S50891,Gold,CAN
S50892,Bronze,GBR
S50893,Gold,AUS
S50894,Bronze,AUS
S50895,Bronze,GBR
S50896,Bronze,CAN
S50897,Gold,USA
S50898,Bronze,DEU
S50899,Bronze,GBR
S50900,Gold,AUS
S50901,Bronze,GBR
S50902,Silver,USA
S50903,Bronze,GBR
S50904,Silver,AUS
S50905,Gold,USA
S50906,Gold,CAN
S50907,Bronze,DEU
S50908,Gold,GBR
S50909,Bronze,GBR
S50910,Silver,AUS
S50911,Bronze,CAN
S50912,Silver,USA
S50913,Bronze,DEU
S50914,Bronze,USA
S50915,Silver,USA
S50916,Bronze,USA
S50917,Silver,GBR
S50918,Bronze,AUS
S50919,Silver,AUS
S50920,Silver,USA
S50921,Bronze,USA
S50922,Silver,GBR
S50923,Bronze,GBR
S50924,Gold,GBR
S50925,Silver,USA
S50926,Bronze,USA
S50927,Silver,AUS
S50928,Silver,GBR
S50929,Bronze,GBR
S50930,Silver,USA
S50931,Silver,CAN
S50932,Bronze,GBR
S50933,Bronze,USA
S50934,Gold,CAN
S50935,Silver,AUS
S50936,Platinum,USA
S50937,Silver,USA
S50938,Gold,GBR
S50939,Platinum,AUS
S50940,Silver,GBR
S50941,Bronze,AUS
S50942,Bronze,DEU
S50943,Bronze,USA
S50944,Silver,GBR
S50945,Bronze,USA
S50946,Bronze,DEU
S50947,Bronze,USA
S50948,Gold,AUS
S50949,Bronze,GBR
S50950,Silver,AUS
S50951,Silver,CAN
S50952,Silver,USA
S50953,Bronze,AUS
S50954,Silver,USA
S50955,Bronze,DEU
S50956,Bronze,USA
S50957,Silver,DEU
S50958,Bronze,CAN
S50959,Bronze,USA
S50960,Gold,USA
S50961,Silver,CAN
S50962,Silver,DEU
S50963,Bronze,USA
S50964,Bronze,GBR
S50965,Bronze,DEU
S50966,Silver,DEU
S50967,Gold,CAN
S50968,Bronze,CAN
S50969,Bronze,DEU
S50970,Bronze,GBR
S50971,Bronze,CAN
S50972,Silver,GBR
S50973,Gold,USA
S50974,Silver,USA
S50975,Silver,AUS
S50976,Bronze,GBR
S50977,Bronze,AUS
S50978,Bronze,USA
S50979,Bronze,AUS
S50980,Bronze,USA
S50981,Bronze,USA
S50982,Gold,CAN
S50983,Bronze,USA
S50984,Platinum,AUS
S50985,Platinum,AUS
S50986,Silver,DEU
S50987,Gold,USA
S50988,Platinum,USA
S50989,Bronze,USA
S50990,Silver,GBR
S50991,Gold,DEU
S50992,Bronze,AUS
S50993,Bronze,USA
S50994,Platinum,CAN
S50995,Silver,GBR
S50996,Bronze,DEU
S50997,Bronze,USA
S50998,Bronze,USA
S50999,Bronze,CAN
S51000,Bronze,DEU
S51001,Bronze,CAN
S51002,Silver,USA
S51003,Bronze,GBR
S51004,Silver,USA
S51005,Bronze,AUS
S51006,Silver,USA
S51007,Bronze,GBR
S51008,Bronze,AUS
S51009,Bronze,CAN
S51010,Gold,GBR
S51011,Gold,CAN
S51012,Silver,GBR
S51013,Bronze,GBR
S51014,Gold,USA
S51015,Silver,USA
S51016,Bronze,USA
S51017,Silver,USA
S51018,Bronze,DEU
S51019,Silver,USA
S51020,Silver,GBR
S51021,Gold,DEU
S51022,Silver,USA
S51023,Bronze,USA
S51024,Silver,CAN
S51025,Silver,USA
S51026,Gold,USA
S51027,Gold,GBR
S51028,Platinum,DEU
S51029,Silver,GBR
S51030,Bronze,DEU
S51031,Bronze,CAN
S51032,Silver,CAN
S51033,Platinum,USA
S51034,Silver,AUS
S51035,Bronze,DEU
S51036,Silver,USA
S51037,Silver,USA
S51038,Silver,USA
S51039,Gold,GBR
S51040,Gold,USA
S51041,Platinum,USA
S51042,Silver,GBR
S51043,Bronze,AUS
S51044,Bronze,USA
S51045,Silver,DEU
S51046,Bronze,GBR
S51047,Bronze,AUS
S51048,Gold,USA
S51049,Bronze,DEU
S51050,Bronze,USA
S51051,Gold,USA
S51052,Bronze,GBR
S51053,Silver,AUS
S51054,Bronze,USA
S51055,Bronze,AUS
S51056,Gold,CAN
S51057,Bronze,GBR
S51058,Gold,GBR
S51059,Bronze,USA
S51060,Bronze,CAN
S51061,Bronze,USA
S51062,Silver,AUS
S51063,Bronze,GBR
S51064,Bronze,USA
S51065,Bronze,AUS
S51066,Bronze,GBR
S51067,Bronze,USA
S51068,Bronze,CAN
S51069,Platinum,USA
S51070,Bronze,AUS
S51071,Bronze,USA
S51072,Bronze,USA
S51073,Silver,USA
S51074,Bronze,USA
S51075,Silver,GBR
S51076,Silver,CAN
S51077,Bronze,AUS
S51078,Bronze,USA
S51079,Bronze,DEU
S51080,Bronze,CAN
S51081,Bronze,DEU
S51082,Bronze,GBR
S51083,Bronze,USA
S51084,Bronze,USA
S51085,Bronze,CAN
S51086,Bronze,DEU
S51087,Gold,USA
S51088,Platinum,USA
S51089,Bronze,USA
S51090,Silver,GBR
S51091,Silver,GBR
S51092,Gold,USA
S51093,Bronze,USA
S51094,Bronze,AUS
S51095,Bronze,GBR
S51096,Platinum,USA
S51097,Bronze,DEU
S51098,Bronze,GBR
S51099,Silver,DEU
S51100,Bronze,USA
S51101,Silver,GBR
S51102,Silver,USA
S51103,Bronze,DEU
S51104,Bronze,AUS
S51105,Bronze,USA
S51106,Bronze,DEU
S51107,Bronze,DEU
S51108,Gold,DEU
S51109,Gold,DEU
S51110,Bronze,CAN
S51111,Bronze,USA
S51112,Bronze,USA
S51113,Bronze,GBR
S51114,Gold,USA
S51115,Bronze,GBR
S51116,Bronze,USA
S51117,Bronze,AUS
S51118,Bronze,AUS
S51119,Platinum,GBR
S51120,Bronze,USA
S51121,Bronze,USA
S51122,Bronze,GBR
S51123,Silver,USA
S51124,Bronze,USA
S51125,Silver,CAN
S51126,Silver,CAN
S51127,Silver,USA
S51128,Bronze,USA
S51129,Silver,USA
S51130,Gold,USA
S51131,Silver,CAN
S51132,Platinum,DEU
S51133,Bronze,CAN
S51134,Silver,USA
S51135,Bronze,CAN
S51136,Gold,USA
S51137,Bronze,USA
S51138,Bronze,GBR
S51139,Bronze,AUS
S51140,Silver,AUS
S51141,Silver,AUS
S51142,Silver,USA
S51143,Gold,DEU
S51144,Bronze,AUS
S51145,Silver,USA
S51146,Bronze,USA
S51147,Bronze,USA
S51148,Bronze,USA
S51149,Bronze,USA
S51150,Bronze,CAN
S51151,Silver,AUS
S51152,Bronze,DEU
S51153,Bronze,USA
S51154,Silver,AUS
S51155,Silver,USA
S51156,Bronze,AUS
S51157,Gold,DEU
S51158,Bronze,CAN
S51159,Bronze,USA
S51160,Bronze,CAN
S51161,Gold,DEU
S51162,Bronze,USA
S51163,Silver,GBR
S51164,Gold,USA
S51165,Bronze,AUS
S51166,Bronze,USA
S51167,Bronze,USA
S51168,Bronze,AUS
S51169,Bronze,USA
S51170,Bronze,CAN
S51171,Silver,GBR
S51172,Silver,USA
S51173,Bronze,USA
S51174,Silver,CAN
S51175,Bronze,DEU
S51176,Bronze,AUS
S51177,Silver,DEU
S51178,Bronze,DEU
S51179,Platinum,USA
S51180,Bronze,AUS
S51181,Silver,CAN
S51182,Bronze,USA
S51183,Bronze,AUS
S51184,Silver,DEU
S51185,Silver,CAN
S51186,Silver,USA
S51187,Bronze,DEU
S51188,Bronze,USA
S51189,Silver,USA
S51190,Bronze,USA
S51191,Gold,USA
S51192,Bronze,DEU
S51193,Gold,AUS
S51194,Bronze,CAN
S51195,Silver,CAN
S51196,Bronze,DEU
S51197,Silver,CAN
S51198,Silver,USA
S51199,Gold,GBR
