order_id,customer_id,order_date,channel,device,amount_usd,status
1,60,2025-11-01,organic,mobile,83.09,paid
2,126,2025-11-13,email,desktop,42.71,paid
3,187,2025-10-10,organic,desktop,39.01,paid
4,84,2025-11-18,social,desktop,72.21,paid
5,51,2025-11-15,social,desktop,100.92,paid
6,101,2025-10-25,referral,mobile,63.02,paid
7,110,2025-11-18,organic,mobile,58.76,paid
8,163,2025-11-29,paid_search,mobile,67.77,paid
9,112,2025-11-02,email,mobile,42.75,refunded
10,142,2025-11-05,paid_search,tablet,99.46,paid
11,13,2025-11-29,paid_search,tablet,56.97,paid
12,125,2025-10-04,referral,mobile,32.8,paid
13,121,2025-10-27,social,desktop,48.33,paid
14,78,2025-10-31,referral,tablet,77.48,refunded
15,31,2025-10-11,referral,desktop,53.85,failed
16,57,2025-10-29,social,desktop,52.26,refunded
17,36,2025-11-05,social,tablet,63.86,paid
18,82,2025-10-16,social,desktop,70.2,failed
19,52,2025-11-26,email,desktop,110.16,failed
20,54,2025-10-25,social,desktop,66.36,paid
21,128,2025-10-18,referral,tablet,38.9,paid
22,24,2025-10-18,paid_search,desktop,49.37,refunded
23,166,2025-10-29,organic,mobile,40.33,paid
24,109,2025-11-15,email,tablet,68.98,refunded
25,1,2025-10-05,referral,desktop,15.6,refunded
26,64,2025-11-20,organic,mobile,96.02,paid
27,39,2025-11-03,email,mobile,71.82,failed
28,199,2025-10-03,organic,mobile,57.89,paid
29,146,2025-11-28,paid_search,tablet,98.51,paid
30,136,2025-11-10,email,tablet,69.27,paid
31,26,2025-10-05,paid_search,desktop,41.35,paid
32,58,2025-11-20,referral,mobile,116.97,paid
33,138,2025-10-20,social,tablet,80.2,paid
34,122,2025-11-03,paid_search,tablet,59.54,paid
35,8,2025-10-27,organic,mobile,53.98,refunded
36,173,2025-11-11,email,mobile,39.44,paid
37,59,2025-11-12,email,mobile,38.63,paid
38,184,2025-10-27,social,tablet,71.01,refunded
39,51,2025-10-01,referral,mobile,71.94,paid
40,127,2025-10-13,social,mobile,20.8,paid
41,120,2025-10-15,organic,tablet,55.06,refunded
42,157,2025-10-12,paid_search,desktop,112.22,refunded
43,171,2025-10-04,email,mobile,73.34,paid
44,7,2025-11-08,paid_search,desktop,55.55,paid
45,182,2025-10-04,social,tablet,70.99,paid
46,21,2025-11-29,paid_search,desktop,85.01,paid
47,48,2025-11-11,organic,desktop,98.09,refunded
48,96,2025-10-22,email,mobile,43.77,paid
49,1,2025-10-06,organic,tablet,55.67,paid
50,98,2025-10-23,social,desktop,82.86,paid
51,13,2025-11-15,email,mobile,36.19,paid
52,94,2025-11-17,email,mobile,64.01,refunded
53,64,2025-11-21,email,mobile,42.04,refunded
54,17,2025-11-21,organic,desktop,41.95,paid
55,192,2025-10-05,social,desktop,78.28,failed
56,12,2025-10-17,social,desktop,46.46,paid
57,1,2025-11-16,organic,mobile,61.98,paid
58,28,2025-10-31,email,desktop,5,paid
59,111,2025-11-22,paid_search,mobile,5,paid
60,178,2025-11-19,paid_search,tablet,62.35,paid
61,84,2025-11-25,referral,mobile,49.97,failed
62,51,2025-10-26,paid_search,mobile,81.47,refunded
63,17,2025-11-11,social,mobile,90.99,refunded
64,27,2025-10-05,social,tablet,66.7,paid
65,54,2025-10-07,email,mobile,5,paid
66,35,2025-10-27,email,tablet,95.53,paid
67,192,2025-11-04,organic,desktop,81.15,paid
68,72,2025-11-06,social,desktop,29.71,paid
69,189,2025-10-17,paid_search,mobile,65.92,paid
70,73,2025-11-26,referral,mobile,77.9,paid
71,17,2025-10-26,referral,mobile,59.8,paid
72,168,2025-10-30,organic,mobile,78.78,paid
73,122,2025-11-26,social,mobile,80.15,paid
74,60,2025-10-08,organic,mobile,16.54,failed
75,150,2025-10-13,paid_search,desktop,81.84,failed
76,67,2025-11-19,organic,mobile,49.75,failed
77,182,2025-11-09,social,mobile,55.95,paid
78,53,2025-10-17,organic,tablet,65.6,paid
79,3,2025-11-22,paid_search,tablet,42.43,paid
80,20,2025-10-14,organic,desktop,93.3,failed
81,124,2025-10-05,referral,mobile,22.65,failed
82,24,2025-11-11,paid_search,desktop,84.31,paid
83,105,2025-10-19,organic,desktop,47.16,failed
84,92,2025-10-27,email,mobile,37.39,paid
85,165,2025-10-13,organic,desktop,40.3,paid
86,109,2025-10-08,organic,desktop,76.15,failed
87,94,2025-10-30,organic,tablet,61.9,paid
88,165,2025-11-21,email,mobile,46.95,failed
89,160,2025-11-29,paid_search,desktop,39.61,paid
90,42,2025-11-03,paid_search,mobile,81.49,paid
91,99,2025-11-01,paid_search,desktop,60.99,paid
92,12,2025-11-28,email,desktop,15.7,paid
93,156,2025-11-29,referral,tablet,53.04,paid
94,164,2025-11-20,paid_search,tablet,51.97,refunded
95,158,2025-11-24,referral,mobile,69.4,paid
96,103,2025-11-30,referral,mobile,86.69,refunded
97,92,2025-10-08,paid_search,mobile,99.22,failed
98,194,2025-11-13,organic,tablet,113.61,paid
99,31,2025-10-25,social,tablet,34.38,refunded
100,79,2025-11-07,paid_search,desktop,41.51,refunded
101,169,2025-10-24,organic,mobile,34.63,failed
102,126,2025-10-30,paid_search,desktop,68.81,failed
103,200,2025-11-22,email,desktop,44.81,paid
104,18,2025-10-09,social,desktop,64.08,paid
105,24,2025-11-21,organic,mobile,32.1,paid
106,22,2025-11-29,social,tablet,70.65,failed
107,21,2025-10-04,paid_search,mobile,60.69,paid
108,158,2025-11-16,organic,mobile,6.94,paid
109,126,2025-10-19,paid_search,tablet,113.6,paid
110,17,2025-11-23,social,tablet,45.03,paid
111,41,2025-10-21,email,mobile,75.96,paid
112,129,2025-11-28,email,mobile,47.87,failed
113,68,2025-11-09,organic,mobile,38.1,paid
114,104,2025-10-11,social,tablet,59.17,paid
115,97,2025-10-11,referral,mobile,65.12,paid
116,116,2025-11-05,referral,tablet,41.09,paid
117,65,2025-11-04,social,desktop,42.84,refunded
118,95,2025-11-06,paid_search,desktop,41.78,paid
119,196,2025-10-06,organic,desktop,45.42,failed
120,65,2025-10-20,referral,tablet,65.53,paid
121,188,2025-10-01,social,tablet,59.68,refunded
122,107,2025-11-02,social,mobile,42.31,paid
123,126,2025-10-15,organic,mobile,54.19,failed
124,91,2025-10-20,organic,tablet,55.04,paid
125,137,2025-10-15,paid_search,mobile,41.9,paid
126,160,2025-11-23,email,mobile,70.97,paid
127,4,2025-11-29,email,mobile,72.46,paid
128,164,2025-10-10,social,desktop,22.84,paid
129,3,2025-10-04,social,tablet,40.29,failed
130,114,2025-11-08,referral,tablet,34.61,refunded
131,64,2025-10-11,referral,mobile,66.16,refunded
132,48,2025-10-16,paid_search,mobile,55.73,paid
133,4,2025-11-09,paid_search,desktop,5,paid
134,133,2025-11-08,referral,tablet,41.3,refunded
135,157,2025-10-12,organic,tablet,50.94,refunded
136,184,2025-11-04,organic,desktop,59.51,refunded
137,191,2025-11-28,email,mobile,19.84,paid
138,27,2025-10-17,paid_search,tablet,68.91,paid
139,32,2025-10-22,social,tablet,104.15,paid
140,69,2025-11-10,referral,tablet,24.06,refunded
141,176,2025-11-20,social,tablet,117.99,paid
142,22,2025-11-26,referral,mobile,26.81,paid
143,67,2025-11-27,paid_search,tablet,63.6,paid
144,50,2025-11-26,email,desktop,101.11,failed
145,62,2025-10-25,referral,desktop,89.5,refunded
146,136,2025-11-14,organic,mobile,40.64,refunded
147,186,2025-10-15,paid_search,desktop,40.62,failed
148,150,2025-10-05,referral,mobile,50.83,paid
149,9,2025-10-02,paid_search,desktop,86.6,paid
150,180,2025-10-02,organic,mobile,82.55,paid
151,178,2025-11-11,organic,mobile,34.25,failed
152,196,2025-10-24,paid_search,tablet,31.2,paid
153,194,2025-11-28,paid_search,mobile,54.07,paid
154,29,2025-10-03,organic,tablet,36.12,paid
155,193,2025-11-10,paid_search,mobile,40.81,paid
156,76,2025-10-21,social,desktop,38.97,paid
157,6,2025-10-23,social,desktop,59.14,failed
158,129,2025-10-31,social,tablet,80.36,paid
159,106,2025-10-02,social,desktop,20.33,paid
160,138,2025-11-06,paid_search,tablet,76.74,paid
161,148,2025-11-22,referral,mobile,53.82,paid
162,196,2025-11-18,organic,mobile,86.03,paid
163,126,2025-10-07,paid_search,desktop,15.43,failed
164,89,2025-11-23,referral,desktop,62.39,failed
165,41,2025-10-19,paid_search,desktop,83.52,paid
166,29,2025-11-30,organic,desktop,5.88,failed
167,27,2025-11-10,email,tablet,54.82,paid
168,109,2025-11-26,organic,desktop,69.91,paid
169,78,2025-10-17,paid_search,desktop,31.78,paid
170,118,2025-10-09,referral,tablet,73.7,failed
171,166,2025-10-03,paid_search,desktop,47.1,failed
172,190,2025-10-21,paid_search,desktop,78.11,refunded
173,177,2025-11-19,social,desktop,59.18,paid
174,130,2025-10-13,social,desktop,78.1,failed
175,40,2025-11-16,social,tablet,70.5,failed
176,90,2025-10-11,paid_search,desktop,75.66,paid
177,67,2025-11-16,organic,mobile,74.99,refunded
178,39,2025-10-10,social,tablet,59.52,paid
179,112,2025-10-18,organic,desktop,71.82,paid
180,100,2025-10-30,organic,mobile,93.62,refunded
181,112,2025-11-14,social,desktop,72.11,paid
182,37,2025-10-17,referral,tablet,129.28,refunded
183,2,2025-11-17,referral,tablet,62.37,refunded
184,59,2025-11-12,referral,mobile,108.89,paid
185,165,2025-10-08,organic,desktop,39.24,paid
186,103,2025-11-15,paid_search,desktop,66.19,refunded
187,124,2025-10-30,referral,tablet,109.07,paid
188,168,2025-10-21,organic,desktop,66.09,refunded
189,28,2025-10-03,paid_search,tablet,59.87,paid
190,26,2025-11-24,referral,desktop,77.53,failed
191,53,2025-11-15,social,tablet,55.55,paid
192,106,2025-11-17,email,mobile,60.68,paid
193,101,2025-11-02,referral,desktop,61.02,paid
194,65,2025-10-18,email,desktop,47.27,paid
195,4,2025-10-05,social,tablet,37.23,paid
196,28,2025-10-15,social,tablet,72.79,refunded
197,135,2025-10-15,email,mobile,123.6,paid
198,34,2025-11-29,organic,tablet,57.69,paid
199,121,2025-11-11,paid_search,desktop,43.45,refunded
200,120,2025-10-19,referral,tablet,53.2,paid
201,200,2025-11-23,paid_search,desktop,17.07,refunded
202,176,2025-10-17,email,tablet,68.36,paid
203,124,2025-10-01,social,mobile,75.28,paid
204,83,2025-10-31,email,desktop,17.91,failed
205,164,2025-10-06,social,desktop,47.2,paid
206,22,2025-11-22,referral,desktop,40.03,paid
207,136,2025-11-23,organic,mobile,41.4,paid
208,168,2025-10-19,social,tablet,87.31,paid
209,149,2025-10-10,email,desktop,69.75,paid
210,54,2025-11-27,email,tablet,47.29,paid
211,157,2025-11-27,organic,tablet,33.91,failed
212,163,2025-11-23,social,mobile,5,refunded
213,178,2025-10-14,email,tablet,19.62,paid
214,143,2025-10-08,social,desktop,52.09,paid
215,36,2025-10-31,email,mobile,51.33,refunded
216,64,2025-11-01,paid_search,tablet,60.38,failed
217,189,2025-10-01,referral,desktop,71.74,paid
218,120,2025-10-24,email,desktop,78.59,paid
219,47,2025-11-10,organic,tablet,36.95,paid
220,175,2025-11-17,social,mobile,87.73,failed
221,124,2025-11-01,paid_search,tablet,60.63,refunded
222,161,2025-10-09,social,mobile,46.05,paid
223,88,2025-10-31,paid_search,desktop,65.66,refunded
224,88,2025-10-28,social,tablet,28.73,paid
225,75,2025-10-19,social,tablet,42.1,paid
226,130,2025-10-23,paid_search,tablet,83.03,refunded
227,31,2025-10-22,paid_search,tablet,74.01,paid
228,11,2025-10-26,referral,desktop,96.94,failed
229,147,2025-10-04,organic,mobile,50.37,refunded
230,156,2025-11-19,organic,tablet,67.13,failed
231,157,2025-10-25,referral,tablet,33.92,paid
232,55,2025-10-03,email,tablet,36.51,paid
233,26,2025-11-12,organic,tablet,62.87,paid
234,95,2025-11-25,paid_search,desktop,66.23,failed
235,182,2025-10-17,organic,desktop,70.37,paid
236,111,2025-11-06,referral,mobile,47.85,refunded
237,146,2025-11-03,email,tablet,72.19,refunded
238,115,2025-10-05,organic,tablet,63.08,refunded
239,153,2025-11-07,paid_search,desktop,96.66,refunded
240,141,2025-10-07,organic,tablet,58.42,refunded
241,55,2025-11-27,organic,mobile,62.56,paid
242,23,2025-10-14,organic,mobile,63.61,refunded
243,5,2025-10-18,paid_search,mobile,56.44,paid
244,199,2025-11-17,paid_search,tablet,41.72,paid
245,76,2025-11-10,social,mobile,32.54,paid
246,3,2025-10-04,organic,tablet,49.63,failed
247,21,2025-10-25,paid_search,desktop,44.87,failed
248,16,2025-10-21,social,tablet,97.48,refunded
249,121,2025-11-13,organic,desktop,92.63,paid
250,162,2025-11-21,email,desktop,116.35,refunded
251,200,2025-11-20,referral,desktop,40.95,paid
252,72,2025-10-04,referral,tablet,65.83,failed
253,86,2025-11-25,paid_search,tablet,5.82,paid
254,150,2025-10-28,paid_search,desktop,17.52,refunded
255,176,2025-10-25,email,desktop,17.31,paid
256,83,2025-10-17,social,desktop,28.25,paid
257,151,2025-11-28,organic,desktop,81.05,paid
258,147,2025-10-10,social,tablet,12.17,refunded
259,89,2025-11-04,email,mobile,87.33,paid
260,80,2025-11-08,organic,tablet,76.18,refunded
261,120,2025-11-15,organic,desktop,65.16,refunded
262,139,2025-10-06,referral,desktop,78.46,paid
263,60,2025-10-26,referral,desktop,13.23,refunded
264,130,2025-11-07,paid_search,mobile,34.44,paid
265,50,2025-10-06,social,tablet,76.39,failed
266,92,2025-10-26,referral,mobile,95.23,paid
267,12,2025-11-29,organic,desktop,84.19,refunded
268,21,2025-10-10,social,tablet,59.57,paid
269,89,2025-10-18,organic,mobile,54.94,failed
270,125,2025-11-07,referral,mobile,59.38,paid
271,200,2025-10-18,referral,tablet,5.93,paid
272,66,2025-11-23,organic,desktop,87.14,paid
273,47,2025-10-25,referral,desktop,67.0,refunded
274,125,2025-11-30,organic,tablet,64.06,refunded
275,31,2025-11-15,referral,mobile,78.65,paid
276,172,2025-11-02,email,mobile,55.12,refunded
277,41,2025-10-24,paid_search,mobile,135.62,paid
278,66,2025-11-30,social,mobile,43.48,failed
279,8,2025-11-23,referral,tablet,76.87,refunded
280,15,2025-10-07,paid_search,desktop,50.6,paid
281,51,2025-11-13,email,tablet,59.63,paid
282,121,2025-10-21,social,desktop,26.63,refunded
283,32,2025-10-24,paid_search,mobile,44.91,paid
284,120,2025-11-15,paid_search,mobile,61.78,paid
285,57,2025-10-05,paid_search,desktop,105.94,paid
286,99,2025-11-23,organic,tablet,39.77,paid
287,116,2025-10-22,organic,tablet,51.96,paid
288,37,2025-10-22,paid_search,tablet,76.38,paid
289,47,2025-11-15,email,mobile,9.98,paid
290,108,2025-10-27,paid_search,mobile,75.78,paid
291,70,2025-11-06,paid_search,desktop,72.04,refunded
292,28,2025-10-21,email,desktop,40.92,paid
293,40,2025-11-02,paid_search,tablet,109.73,refunded
294,74,2025-10-08,social,mobile,78.56,paid
295,111,2025-10-17,organic,desktop,116.91,paid
296,107,2025-11-27,paid_search,mobile,59.32,paid
297,37,2025-11-10,social,tablet,105.12,paid
298,114,2025-10-01,referral,desktop,64.56,paid
299,93,2025-10-28,social,tablet,84.81,paid
300,36,2025-11-23,paid_search,tablet,66.46,paid
301,183,2025-10-12,organic,tablet,63.34,refunded
302,195,2025-10-18,paid_search,mobile,69.6,paid
303,157,2025-11-12,referral,desktop,48.02,paid
304,3,2025-10-05,referral,desktop,15.92,paid
305,133,2025-11-21,email,mobile,48.29,paid
306,105,2025-11-28,email,mobile,76.63,paid
307,64,2025-10-12,organic,mobile,5,paid
308,148,2025-11-08,organic,desktop,31.85,failed
309,115,2025-11-03,paid_search,desktop,81.16,refunded
310,148,2025-11-18,organic,desktop,70.18,paid
311,188,2025-11-01,referral,mobile,54.62,paid
312,63,2025-10-06,paid_search,tablet,61.88,paid
313,43,2025-10-07,organic,mobile,47.93,paid
314,179,2025-11-17,paid_search,desktop,89.45,paid
315,154,2025-11-10,email,mobile,33.03,paid
316,25,2025-11-15,paid_search,mobile,45.94,paid
317,32,2025-10-30,social,mobile,30.56,paid
318,32,2025-10-26,paid_search,tablet,61.19,failed
319,59,2025-11-25,email,tablet,65.34,refunded
320,43,2025-11-30,organic,tablet,96.78,refunded
321,178,2025-10-27,organic,desktop,32.15,paid
322,199,2025-10-24,social,desktop,40.55,paid
323,86,2025-11-15,social,desktop,5,failed
324,14,2025-10-21,referral,mobile,87.76,paid
325,64,2025-11-25,social,mobile,28.77,failed
326,48,2025-10-05,social,desktop,76.63,paid
327,130,2025-11-12,email,desktop,73.58,paid
328,11,2025-10-03,referral,desktop,61.79,failed
329,70,2025-11-10,referral,mobile,5.18,paid
330,32,2025-11-03,organic,desktop,45.09,paid
331,11,2025-10-19,paid_search,mobile,77.52,paid
332,153,2025-11-28,referral,desktop,75.06,paid
333,120,2025-11-07,organic,tablet,46.15,paid
334,76,2025-11-28,email,tablet,57.01,paid
335,71,2025-10-16,social,desktop,56.38,failed
336,178,2025-11-06,paid_search,tablet,19.1,refunded
337,52,2025-11-05,referral,desktop,53.15,failed
338,123,2025-10-31,social,mobile,33.07,paid
339,86,2025-10-15,referral,desktop,71.78,paid
340,91,2025-10-11,paid_search,desktop,89.12,failed
341,84,2025-11-01,paid_search,desktop,53.59,paid
342,198,2025-10-02,paid_search,tablet,110.92,paid
343,156,2025-11-25,referral,desktop,38.86,refunded
344,91,2025-11-17,organic,tablet,89.89,paid
345,174,2025-11-17,social,mobile,83.76,paid
346,158,2025-11-09,social,tablet,49.53,paid
347,190,2025-11-24,email,desktop,58.22,paid
348,106,2025-11-25,organic,mobile,17.82,refunded
349,197,2025-11-05,referral,mobile,34.82,refunded
350,72,2025-11-25,referral,tablet,44.93,paid
351,98,2025-11-24,social,desktop,33.57,paid
352,101,2025-11-03,referral,tablet,68.17,refunded
353,166,2025-10-21,email,desktop,101.34,refunded
354,77,2025-10-12,referral,desktop,61.76,paid
355,112,2025-11-06,social,desktop,47.0,failed
356,63,2025-10-21,paid_search,desktop,72.68,paid
357,7,2025-10-04,social,tablet,57.81,paid
358,138,2025-11-09,email,tablet,113.13,failed
359,187,2025-11-13,organic,tablet,34.72,paid
360,116,2025-11-30,organic,tablet,71.88,paid
361,135,2025-10-15,email,tablet,79.68,failed
362,147,2025-10-10,paid_search,desktop,74.11,refunded
363,103,2025-10-29,referral,desktop,65.82,failed
364,192,2025-11-22,organic,mobile,6.77,paid
365,82,2025-10-24,referral,mobile,106.33,paid
366,168,2025-11-27,social,tablet,53.68,paid
367,131,2025-11-26,referral,desktop,94.73,failed
368,54,2025-11-02,paid_search,desktop,53.67,paid
369,16,2025-11-10,referral,tablet,49.1,paid
370,178,2025-10-27,organic,mobile,55.29,paid
371,182,2025-11-14,email,mobile,7.27,failed
372,4,2025-11-12,organic,mobile,41.79,paid
373,128,2025-11-19,referral,tablet,41.43,paid
374,148,2025-10-13,email,tablet,53.54,paid
375,38,2025-10-11,organic,mobile,30.36,paid
376,44,2025-11-30,referral,desktop,56.55,refunded
377,157,2025-10-28,organic,tablet,63.12,failed
378,83,2025-10-10,paid_search,desktop,51.61,paid
379,44,2025-10-03,referral,mobile,58.81,paid
380,50,2025-10-29,referral,desktop,71.38,paid
381,14,2025-10-15,organic,desktop,85.54,paid
382,159,2025-10-16,paid_search,mobile,39.02,paid
383,41,2025-11-29,organic,desktop,46.81,paid
384,108,2025-11-08,social,desktop,51.98,paid
385,63,2025-11-13,paid_search,desktop,29.36,paid
386,103,2025-11-26,email,mobile,85.41,paid
387,23,2025-10-12,organic,desktop,71.77,refunded
388,144,2025-10-24,organic,desktop,81.38,failed
389,99,2025-10-22,organic,desktop,52.45,paid
390,142,2025-10-16,email,mobile,65.26,refunded
391,73,2025-10-23,organic,desktop,60.54,paid
392,62,2025-11-15,paid_search,mobile,66.64,paid
393,70,2025-11-04,email,desktop,66.66,paid
394,41,2025-10-24,social,mobile,48.75,refunded
395,97,2025-11-10,email,tablet,76.5,paid
396,59,2025-11-24,email,tablet,55.59,paid
397,181,2025-10-17,social,tablet,37.81,paid
398,104,2025-11-08,referral,mobile,44.73,paid
399,193,2025-10-08,social,tablet,55.2,refunded
400,8,2025-11-12,referral,mobile,50.16,paid
401,4,2025-10-25,paid_search,desktop,50.59,paid
402,170,2025-11-27,organic,mobile,22.66,failed
403,93,2025-11-21,organic,tablet,39.01,paid
404,23,2025-10-15,social,mobile,59.95,refunded
405,73,2025-10-23,paid_search,desktop,15.05,paid
406,8,2025-10-24,social,desktop,91.22,paid
407,169,2025-11-15,email,desktop,54.08,paid
408,47,2025-10-19,organic,desktop,42.06,failed
409,188,2025-10-15,organic,tablet,58.33,paid
410,111,2025-10-13,social,mobile,53.01,refunded
411,190,2025-10-03,paid_search,tablet,26.66,paid
412,146,2025-11-01,referral,desktop,48.62,refunded
413,172,2025-11-13,organic,tablet,7.87,paid
414,11,2025-11-26,referral,tablet,33.32,paid
415,63,2025-11-13,paid_search,desktop,93.9,paid
416,107,2025-11-14,email,tablet,88.47,failed
417,57,2025-10-18,email,desktop,37.18,paid
418,178,2025-11-02,email,tablet,56.04,paid
419,174,2025-11-14,paid_search,desktop,70.21,paid
420,12,2025-11-30,referral,desktop,95.96,paid
421,140,2025-10-11,referral,desktop,94.96,paid
422,16,2025-10-11,social,desktop,53.2,refunded
423,24,2025-10-13,email,tablet,51.12,refunded
424,61,2025-11-15,paid_search,mobile,49.73,failed
425,178,2025-10-29,social,mobile,83.98,paid
426,151,2025-11-06,paid_search,desktop,86.56,paid
427,141,2025-10-28,paid_search,tablet,61.01,refunded
428,197,2025-10-26,paid_search,mobile,44.81,paid
429,4,2025-10-24,social,desktop,52.58,paid
430,29,2025-11-14,social,desktop,60.63,paid
431,42,2025-10-21,social,mobile,29.47,failed
432,19,2025-10-03,organic,desktop,70.98,refunded
433,22,2025-11-17,referral,desktop,45.65,paid
434,166,2025-11-01,email,desktop,5,paid
435,140,2025-10-21,social,tablet,116.05,failed
436,188,2025-11-11,social,tablet,62.93,paid
437,21,2025-10-09,email,mobile,59.91,paid
438,95,2025-10-12,referral,tablet,54.34,paid
439,27,2025-11-20,referral,desktop,55.81,refunded
440,48,2025-11-11,social,desktop,38.86,paid
441,95,2025-10-09,social,mobile,37.23,paid
442,11,2025-10-07,referral,tablet,52.42,refunded
443,13,2025-11-30,paid_search,desktop,65.49,failed
444,149,2025-11-10,organic,mobile,85.64,paid
445,42,2025-10-09,organic,mobile,5,refunded
446,123,2025-10-13,paid_search,tablet,83.11,paid
447,1,2025-10-03,referral,desktop,86.56,paid
448,73,2025-10-05,organic,tablet,18.63,refunded
449,87,2025-10-05,paid_search,tablet,25.68,paid
450,97,2025-10-19,organic,desktop,73.91,failed
451,173,2025-10-23,referral,desktop,34.37,failed
452,118,2025-10-28,referral,tablet,48.42,paid
453,103,2025-11-08,organic,tablet,26.7,paid
454,156,2025-11-12,social,tablet,28.78,failed
455,108,2025-11-30,paid_search,desktop,35.21,paid
456,136,2025-11-26,organic,mobile,86.85,paid
457,174,2025-11-17,referral,desktop,50.02,failed
458,149,2025-11-30,email,desktop,63.43,failed
459,62,2025-11-06,paid_search,mobile,41.86,paid
460,141,2025-11-17,organic,mobile,67.0,paid
461,167,2025-10-07,email,mobile,74.24,failed
462,118,2025-10-15,referral,tablet,94.41,paid
463,189,2025-11-02,email,tablet,87.22,paid
464,113,2025-10-09,referral,tablet,42.54,failed
465,183,2025-11-23,referral,mobile,60.53,refunded
466,176,2025-10-26,referral,mobile,47.68,paid
467,145,2025-10-31,referral,mobile,62.12,refunded
468,61,2025-10-04,social,mobile,46.61,paid
469,180,2025-11-08,organic,tablet,86.67,paid
470,110,2025-11-28,organic,tablet,52.37,paid
471,145,2025-10-08,paid_search,desktop,103.93,paid
472,196,2025-11-17,organic,desktop,34.94,paid
473,62,2025-10-24,social,tablet,29.61,refunded
474,12,2025-11-22,referral,desktop,57.48,paid
475,92,2025-11-05,organic,tablet,44.12,paid
476,66,2025-10-23,paid_search,tablet,90.05,refunded
477,6,2025-11-23,organic,desktop,86.85,paid
478,19,2025-11-21,social,mobile,58.1,paid
479,142,2025-11-29,email,mobile,50.51,failed
480,65,2025-11-04,social,desktop,96.91,paid
481,7,2025-10-22,email,mobile,88.87,paid
482,20,2025-10-12,referral,tablet,59.0,failed
483,101,2025-11-23,email,desktop,45.49,paid
484,157,2025-11-03,organic,desktop,62.23,paid
485,136,2025-10-14,referral,mobile,55.03,paid
486,44,2025-11-22,social,tablet,72.27,refunded
487,85,2025-11-06,social,mobile,5,paid
488,149,2025-10-31,social,mobile,71.61,paid
489,64,2025-10-30,paid_search,tablet,84.41,paid
490,70,2025-10-25,social,mobile,35.98,failed
491,68,2025-10-23,paid_search,tablet,32.19,paid
492,144,2025-11-27,organic,mobile,47.14,refunded
493,163,2025-11-06,social,mobile,44.26,paid
494,175,2025-10-05,social,desktop,42.23,paid
495,131,2025-11-24,referral,tablet,44.67,refunded
496,86,2025-10-04,social,tablet,42.56,paid
497,124,2025-11-02,paid_search,desktop,47.45,paid
498,35,2025-10-14,organic,tablet,73.83,refunded
499,104,2025-10-29,paid_search,tablet,25.84,paid
500,37,2025-10-20,social,desktop,86.13,failed
501,142,2025-11-12,paid_search,tablet,81.07,paid
502,150,2025-10-12,social,tablet,51.26,paid
503,120,2025-10-23,organic,desktop,97.62,paid
504,45,2025-10-18,social,tablet,52.96,paid
505,195,2025-10-11,organic,mobile,47.12,paid
506,103,2025-10-29,paid_search,tablet,46.88,paid
507,129,2025-11-11,organic,mobile,75.08,failed
508,13,2025-10-06,organic,tablet,70.89,paid
509,185,2025-10-09,organic,tablet,79.85,paid
510,8,2025-10-14,social,desktop,60.63,paid
511,167,2025-11-01,social,mobile,28.79,paid
512,107,2025-11-20,organic,mobile,81.12,failed
513,86,2025-11-19,social,desktop,26.28,paid
514,7,2025-11-29,social,tablet,61.2,paid
515,15,2025-10-27,social,mobile,29.73,paid
516,5,2025-10-10,paid_search,mobile,33.66,failed
517,197,2025-11-23,email,desktop,98.74,failed
518,175,2025-11-07,referral,mobile,84.54,failed
519,148,2025-10-22,email,mobile,64.35,paid
520,167,2025-11-19,referral,tablet,94.44,refunded
521,144,2025-10-18,social,mobile,40.23,paid
522,3,2025-11-05,email,mobile,83.49,paid
523,39,2025-11-10,organic,mobile,65.75,failed
524,35,2025-10-08,organic,tablet,101.63,failed
525,53,2025-11-05,referral,desktop,63.31,paid
526,46,2025-11-25,paid_search,tablet,40.92,paid
527,90,2025-11-19,email,mobile,53.23,paid
528,100,2025-10-30,paid_search,desktop,33.88,paid
529,28,2025-11-12,email,tablet,59.04,paid
530,16,2025-10-15,referral,desktop,50.85,refunded
531,97,2025-11-30,organic,desktop,32.65,paid
532,68,2025-11-15,email,mobile,18.62,paid
533,91,2025-10-14,social,desktop,47.89,refunded
534,56,2025-11-06,paid_search,desktop,83.38,paid
535,193,2025-10-09,social,mobile,69.0,refunded
536,64,2025-10-11,social,tablet,41.72,failed
537,153,2025-10-29,paid_search,tablet,61.93,paid
538,12,2025-11-19,email,mobile,67.95,refunded
539,36,2025-11-29,organic,mobile,58.36,paid
540,35,2025-11-28,social,mobile,65.31,failed
541,189,2025-10-23,email,mobile,72.43,refunded
542,87,2025-11-11,email,desktop,68.74,paid
543,150,2025-10-16,organic,mobile,70.57,paid
544,130,2025-11-08,paid_search,tablet,93.5,refunded
545,179,2025-10-07,social,mobile,58.94,paid
546,31,2025-11-01,paid_search,tablet,52.2,refunded
547,1,2025-10-12,referral,tablet,65.09,paid
548,136,2025-10-23,email,mobile,90.76,paid
549,56,2025-11-24,organic,desktop,110.73,paid
550,4,2025-10-17,social,mobile,49.5,paid
551,51,2025-11-02,social,desktop,102.16,paid
552,84,2025-11-14,organic,tablet,73.07,refunded
553,140,2025-10-19,social,desktop,23.51,refunded
554,82,2025-11-04,email,desktop,48.44,paid
555,100,2025-11-18,paid_search,tablet,40.69,paid
556,62,2025-11-08,referral,desktop,76.93,failed
557,187,2025-10-25,organic,mobile,106.64,failed
558,9,2025-11-28,organic,desktop,57.36,failed
559,84,2025-11-13,social,desktop,40.86,failed
560,1,2025-10-31,email,tablet,34.93,paid
561,152,2025-11-04,email,desktop,78.26,paid
562,101,2025-11-03,social,tablet,59.4,paid
563,19,2025-11-10,referral,desktop,70.82,paid
564,122,2025-11-24,social,tablet,24.69,failed
565,123,2025-11-06,referral,desktop,62.49,failed
566,53,2025-11-03,paid_search,desktop,73.62,paid
567,173,2025-10-12,paid_search,tablet,81.18,paid
568,83,2025-10-25,social,desktop,90.11,paid
569,105,2025-10-10,social,desktop,52.89,failed
570,134,2025-10-20,email,tablet,36.82,paid
571,71,2025-10-26,organic,desktop,53.16,refunded
572,188,2025-11-21,paid_search,tablet,86.3,paid
573,2,2025-11-13,paid_search,tablet,79.76,paid
574,134,2025-10-22,email,desktop,81.18,paid
575,143,2025-10-13,referral,mobile,79.39,paid
576,184,2025-11-04,social,desktop,60.1,paid
577,62,2025-10-17,email,mobile,65.52,paid
578,33,2025-10-28,social,tablet,50.55,paid
579,12,2025-11-15,social,desktop,37.63,refunded
580,166,2025-11-08,social,desktop,68.45,paid
581,99,2025-11-24,paid_search,tablet,9.94,failed
582,96,2025-10-05,paid_search,desktop,33.01,paid
583,21,2025-11-18,email,desktop,36.46,paid
584,28,2025-11-07,referral,desktop,68.39,refunded
585,180,2025-11-23,paid_search,mobile,5,refunded
586,102,2025-11-01,paid_search,tablet,91.75,paid
587,172,2025-10-15,organic,tablet,58.48,paid
588,142,2025-10-22,email,desktop,34.71,paid
589,24,2025-10-15,organic,mobile,78.77,refunded
590,23,2025-11-24,paid_search,tablet,33.43,refunded
591,15,2025-11-22,email,mobile,43.45,failed
592,177,2025-11-17,email,tablet,24.25,paid
593,105,2025-11-22,social,desktop,93.36,paid
594,133,2025-10-01,paid_search,tablet,70.86,paid
595,134,2025-10-17,social,tablet,81.04,refunded
596,131,2025-11-26,email,tablet,72.74,paid
597,79,2025-10-20,email,tablet,60.23,paid
598,79,2025-10-13,paid_search,mobile,84.45,paid
599,138,2025-11-11,email,tablet,40.4,failed
600,37,2025-10-24,social,mobile,79.9,refunded
601,181,2025-11-05,organic,tablet,39.19,paid
602,105,2025-11-30,referral,desktop,25.36,paid
603,71,2025-10-15,paid_search,tablet,65.93,failed
604,117,2025-10-26,email,mobile,40.11,paid
605,15,2025-10-12,organic,mobile,27.35,paid
606,153,2025-11-01,paid_search,mobile,74.44,failed
607,189,2025-11-21,social,mobile,69.07,failed
608,41,2025-10-10,paid_search,tablet,75.15,paid
609,120,2025-10-07,organic,desktop,63.28,paid
610,169,2025-11-23,social,tablet,70.45,refunded
611,176,2025-10-28,paid_search,mobile,64.81,paid
612,115,2025-10-19,paid_search,tablet,67.06,paid
613,181,2025-11-05,social,desktop,55.88,failed
614,55,2025-10-10,paid_search,desktop,38.88,paid
615,84,2025-10-25,referral,tablet,71.55,paid
616,51,2025-10-30,paid_search,tablet,77.22,paid
617,111,2025-10-22,social,mobile,54.68,paid
618,168,2025-11-30,referral,tablet,48.89,paid
619,75,2025-11-01,email,mobile,35.96,paid
620,125,2025-10-18,social,tablet,94.01,failed
621,139,2025-11-18,social,mobile,71.65,failed
622,77,2025-10-03,referral,tablet,67.23,paid
623,1,2025-10-23,social,mobile,64.92,paid
624,86,2025-10-23,email,desktop,73.5,paid
625,85,2025-11-17,social,mobile,52.09,failed
626,117,2025-10-07,referral,mobile,69.09,paid
627,153,2025-10-26,referral,tablet,53.64,paid
628,106,2025-11-11,paid_search,desktop,61.57,failed
629,91,2025-10-05,paid_search,desktop,33.97,paid
630,170,2025-11-30,organic,desktop,86.13,paid
631,166,2025-11-25,social,mobile,71.02,paid
632,62,2025-10-08,paid_search,desktop,41.82,paid
633,138,2025-11-04,paid_search,tablet,80.76,failed
634,11,2025-11-02,social,desktop,78.91,paid
635,73,2025-10-26,paid_search,tablet,5,failed
636,129,2025-10-16,organic,mobile,34.68,paid
637,14,2025-11-01,paid_search,tablet,70.06,paid
638,23,2025-11-18,paid_search,mobile,22.46,paid
639,8,2025-10-28,social,tablet,36.33,paid
640,22,2025-11-12,referral,mobile,78.77,paid
641,63,2025-11-08,organic,mobile,64.68,paid
642,154,2025-10-22,organic,mobile,30.38,paid
643,159,2025-11-19,social,mobile,43.6,refunded
644,152,2025-11-28,paid_search,mobile,17.13,paid
645,106,2025-11-20,paid_search,mobile,51.04,failed
646,174,2025-10-11,paid_search,desktop,65.92,paid
647,53,2025-10-13,organic,mobile,93.9,refunded
648,10,2025-11-01,referral,desktop,42.7,paid
649,193,2025-11-08,organic,desktop,49.09,refunded
650,24,2025-11-11,social,tablet,47.41,paid
651,127,2025-11-13,social,tablet,64.05,paid
652,14,2025-11-17,email,tablet,31.01,failed
653,43,2025-10-28,referral,desktop,33.08,failed
654,137,2025-11-11,organic,mobile,83.49,paid
655,193,2025-11-23,referral,desktop,70.65,failed
656,61,2025-11-26,email,tablet,44.84,paid
657,101,2025-11-12,social,desktop,69.37,refunded
658,23,2025-10-15,social,tablet,16.59,failed
659,110,2025-11-20,referral,mobile,52.87,paid
660,122,2025-10-27,email,tablet,79.9,paid
661,118,2025-10-10,social,desktop,51.14,refunded
662,159,2025-10-03,social,desktop,74.9,paid
663,70,2025-10-12,referral,mobile,51.84,paid
664,56,2025-11-13,organic,desktop,34.25,paid
665,100,2025-10-18,paid_search,mobile,52.9,paid
666,157,2025-11-26,email,desktop,72.41,refunded
667,82,2025-11-26,paid_search,mobile,5,refunded
668,135,2025-10-01,organic,mobile,56.83,paid
669,63,2025-10-30,social,tablet,26.45,paid
670,142,2025-11-17,referral,tablet,45.42,refunded
671,35,2025-11-29,email,mobile,60.4,failed
672,160,2025-10-22,email,desktop,40.89,paid
673,93,2025-10-20,email,tablet,41.28,paid
674,168,2025-11-01,email,desktop,30.02,paid
675,15,2025-11-26,referral,desktop,79.27,refunded
676,80,2025-11-18,referral,mobile,27.34,failed
677,192,2025-10-30,paid_search,mobile,81.64,paid
678,37,2025-10-13,referral,tablet,64.85,failed
679,12,2025-10-26,social,tablet,75.41,paid
680,75,2025-11-19,referral,mobile,89.59,refunded
681,141,2025-10-27,email,desktop,33.16,paid
682,177,2025-11-27,social,desktop,23.64,paid
683,148,2025-11-01,social,mobile,80.38,paid
684,133,2025-11-21,organic,mobile,20.54,paid
685,190,2025-11-03,organic,tablet,70.33,paid
686,99,2025-11-19,social,tablet,78.99,paid
687,70,2025-10-20,referral,desktop,82.0,refunded
688,104,2025-10-07,social,desktop,42.09,refunded
689,82,2025-10-25,organic,mobile,67.59,failed
690,116,2025-11-02,email,tablet,32.76,paid
691,200,2025-11-27,referral,desktop,54.32,failed
692,172,2025-10-27,organic,desktop,73.19,refunded
693,93,2025-11-15,social,tablet,86.66,paid
694,67,2025-10-29,organic,mobile,44.79,failed
695,179,2025-11-06,social,desktop,48.38,paid
696,18,2025-11-26,referral,mobile,91.89,failed
697,174,2025-11-23,organic,desktop,21.25,paid
698,166,2025-10-12,organic,desktop,83.67,refunded
699,191,2025-11-23,social,desktop,46.39,paid
700,183,2025-11-25,paid_search,tablet,80.93,failed
701,106,2025-11-12,paid_search,desktop,78.52,paid
702,106,2025-10-05,referral,mobile,50.89,failed
703,171,2025-10-16,referral,tablet,37.56,paid
704,174,2025-11-20,paid_search,mobile,48.06,paid
705,172,2025-11-24,social,mobile,60.76,refunded
706,74,2025-10-09,email,tablet,30.55,paid
707,183,2025-10-05,referral,desktop,64.59,failed
708,55,2025-11-27,paid_search,desktop,26.24,paid
709,93,2025-11-13,organic,desktop,12.49,paid
710,180,2025-11-03,organic,mobile,38.01,paid
711,56,2025-10-01,email,desktop,19.01,failed
712,16,2025-10-29,referral,tablet,71.15,failed
713,9,2025-10-03,email,mobile,32.72,paid
714,162,2025-11-29,social,desktop,53.39,failed
715,146,2025-10-15,paid_search,desktop,68.91,failed
716,138,2025-11-15,organic,mobile,103.5,paid
717,8,2025-11-21,organic,tablet,33.76,paid
718,186,2025-10-06,referral,mobile,59.23,refunded
719,100,2025-11-02,organic,desktop,84.6,failed
720,85,2025-11-12,social,mobile,52.77,refunded
721,148,2025-10-09,referral,desktop,5,paid
722,88,2025-11-09,paid_search,mobile,87.58,refunded
723,43,2025-10-19,referral,mobile,60.6,refunded
724,200,2025-10-13,paid_search,desktop,50.05,paid
725,144,2025-11-18,organic,tablet,39.73,failed
726,185,2025-10-02,organic,desktop,5,paid
727,107,2025-10-01,referral,desktop,78.32,failed
728,91,2025-11-10,paid_search,tablet,29.23,paid
729,91,2025-10-20,social,desktop,92.35,paid
730,183,2025-10-30,organic,desktop,85.18,paid
731,40,2025-10-24,organic,desktop,64.85,paid
732,122,2025-11-27,paid_search,mobile,32.2,failed
733,145,2025-10-17,social,tablet,42.89,paid
734,50,2025-11-15,social,tablet,59.15,refunded
735,199,2025-11-16,email,mobile,57.75,paid
736,4,2025-10-08,paid_search,tablet,45.36,failed
737,137,2025-10-25,organic,desktop,105.11,paid
738,53,2025-11-26,referral,tablet,67.9,paid
739,83,2025-10-22,email,tablet,23.11,paid
740,2,2025-10-16,paid_search,desktop,23.31,refunded
741,27,2025-10-07,paid_search,desktop,49.09,refunded
742,147,2025-11-07,email,mobile,52.96,failed
743,186,2025-11-16,email,tablet,86.6,paid
744,184,2025-11-11,email,tablet,69.35,refunded
745,156,2025-10-10,email,mobile,81.6,paid
746,59,2025-10-01,email,tablet,79.87,paid
747,163,2025-11-17,organic,mobile,59.63,paid
748,10,2025-10-30,organic,desktop,53.02,paid
749,57,2025-11-19,referral,desktop,32.8,paid
750,11,2025-10-10,email,mobile,9.1,refunded
751,194,2025-10-07,organic,mobile,63.09,paid
752,136,2025-10-11,referral,tablet,8.37,paid
753,28,2025-11-02,organic,mobile,72.08,paid
754,143,2025-11-11,organic,tablet,8.92,failed
755,159,2025-11-09,organic,tablet,22.86,paid
756,170,2025-11-04,referral,desktop,34.91,refunded
757,102,2025-11-12,organic,mobile,101.28,failed
758,118,2025-10-14,organic,tablet,61.98,paid
759,172,2025-10-28,organic,tablet,94.24,failed
760,91,2025-11-13,organic,mobile,56.39,paid
761,26,2025-10-06,social,mobile,45.7,refunded
762,156,2025-11-06,social,mobile,75.69,paid
763,21,2025-10-05,referral,mobile,96.48,failed
764,99,2025-10-30,email,tablet,70.24,failed
765,167,2025-10-14,organic,mobile,95.14,paid
766,184,2025-11-16,organic,tablet,39.64,paid
767,111,2025-11-21,social,desktop,71.35,paid
768,181,2025-10-09,social,desktop,49.09,paid
769,8,2025-10-21,paid_search,tablet,49.01,refunded
770,196,2025-11-09,social,desktop,70.02,paid
771,4,2025-10-27,referral,desktop,37.82,paid
772,1,2025-11-19,paid_search,desktop,54.63,paid
773,137,2025-10-11,social,desktop,96.93,paid
774,94,2025-10-05,referral,mobile,88.6,refunded
775,42,2025-10-14,referral,mobile,24.46,refunded
776,133,2025-11-14,organic,tablet,53.01,paid
777,56,2025-10-19,social,desktop,61.66,paid
778,46,2025-11-09,email,tablet,7.96,paid
779,177,2025-11-30,paid_search,desktop,58.96,paid
780,8,2025-10-06,paid_search,tablet,18.2,paid
781,159,2025-11-11,organic,tablet,39.22,paid
782,178,2025-10-26,social,mobile,33.8,paid
783,187,2025-10-05,organic,mobile,50.48,failed
784,29,2025-11-16,email,tablet,57.83,failed
785,177,2025-11-26,paid_search,mobile,53.71,paid
786,78,2025-10-26,email,tablet,102.36,paid
787,114,2025-11-16,email,desktop,95.81,paid
788,53,2025-10-02,email,mobile,25.55,paid
789,54,2025-11-21,referral,mobile,46.63,paid
790,19,2025-11-27,organic,mobile,78.22,failed
791,80,2025-11-12,email,mobile,59.37,paid
792,99,2025-10-17,organic,tablet,67.62,failed
793,58,2025-10-04,paid_search,desktop,63.97,paid
794,139,2025-11-16,paid_search,mobile,61.71,paid
795,189,2025-10-17,organic,mobile,49.65,paid
796,74,2025-11-18,email,mobile,70.96,paid
797,167,2025-10-13,social,mobile,92.09,refunded
798,68,2025-11-25,organic,mobile,32.29,paid
799,170,2025-10-25,organic,desktop,69.45,refunded
800,125,2025-10-08,organic,desktop,44.34,failed
801,183,2025-11-01,email,mobile,70.41,paid
802,110,2025-10-29,organic,mobile,66.95,paid
803,18,2025-10-18,social,tablet,41.91,paid
804,19,2025-11-02,paid_search,desktop,81.55,paid
805,145,2025-11-09,email,mobile,103.91,paid
806,111,2025-11-03,organic,mobile,13.37,failed
807,44,2025-11-02,organic,desktop,71.4,paid
808,120,2025-11-29,email,tablet,47.02,paid
809,20,2025-11-21,paid_search,desktop,39.08,paid
810,18,2025-10-08,email,desktop,66.36,paid
811,47,2025-11-02,referral,mobile,96.29,refunded
812,176,2025-11-17,organic,tablet,62.48,paid
813,198,2025-11-01,social,mobile,52.99,refunded
814,83,2025-11-17,organic,desktop,48.24,paid
815,180,2025-10-15,organic,desktop,87.56,paid
816,10,2025-10-19,email,mobile,62.72,paid
817,78,2025-11-17,organic,desktop,53.47,paid
818,174,2025-10-11,organic,desktop,75.34,refunded
819,60,2025-10-05,email,tablet,30.38,paid
820,160,2025-11-27,paid_search,mobile,64.3,refunded
821,52,2025-10-20,paid_search,desktop,87.61,paid
822,105,2025-10-12,social,desktop,59.93,paid
823,146,2025-10-24,organic,mobile,62.32,failed
824,67,2025-11-08,email,desktop,41.69,failed
825,141,2025-11-15,referral,mobile,45.29,paid
826,107,2025-10-10,paid_search,tablet,72.72,paid
827,149,2025-10-21,paid_search,desktop,66.47,paid
828,21,2025-11-07,email,desktop,54.4,paid
829,146,2025-11-12,social,tablet,62.42,refunded
830,25,2025-10-04,email,mobile,74.09,paid
831,75,2025-10-05,paid_search,desktop,44.18,paid
832,136,2025-10-25,social,tablet,123.32,failed
833,150,2025-10-08,referral,tablet,32.24,paid
834,134,2025-11-05,paid_search,desktop,69.74,paid
835,152,2025-11-27,social,tablet,59.48,paid
836,106,2025-10-24,referral,desktop,84.52,paid
837,180,2025-11-17,paid_search,tablet,95.45,paid
838,3,2025-10-29,email,desktop,73.29,paid
839,120,2025-10-21,email,mobile,64.05,paid
840,139,2025-10-27,email,mobile,42.25,paid
841,95,2025-11-17,email,desktop,53.66,paid
842,57,2025-11-10,paid_search,desktop,36.39,paid
843,10,2025-11-02,email,tablet,76.76,paid
844,121,2025-11-07,email,desktop,79.25,failed
845,139,2025-10-23,social,mobile,36.29,refunded
846,178,2025-10-02,paid_search,desktop,94.84,paid
847,30,2025-11-10,paid_search,tablet,65.0,paid
848,181,2025-11-07,paid_search,desktop,12.76,paid
849,167,2025-10-17,email,tablet,64.73,failed
850,12,2025-10-13,organic,tablet,67.83,failed
851,106,2025-11-16,organic,mobile,54.36,paid
852,179,2025-10-16,organic,mobile,57.74,paid
853,45,2025-10-17,paid_search,mobile,95.58,paid
854,30,2025-10-06,organic,mobile,34.36,paid
855,121,2025-10-22,social,desktop,80.74,refunded
856,67,2025-10-22,organic,mobile,70.3,paid
857,42,2025-10-17,social,mobile,89.36,paid
858,88,2025-11-02,email,mobile,79.0,paid
859,155,2025-11-29,paid_search,tablet,105.12,refunded
860,99,2025-10-19,organic,mobile,57.04,paid
861,19,2025-11-21,paid_search,mobile,50.93,refunded
862,120,2025-11-20,paid_search,tablet,61.59,paid
863,170,2025-10-31,paid_search,tablet,47.49,paid
864,28,2025-11-23,email,mobile,54.58,paid
865,129,2025-10-28,organic,mobile,37.76,paid
866,186,2025-10-02,paid_search,tablet,56.93,paid
867,55,2025-11-10,paid_search,mobile,54.48,paid
868,80,2025-11-12,social,mobile,33.05,paid
869,16,2025-10-15,social,desktop,37.87,paid
870,134,2025-11-16,social,mobile,65.25,failed
871,81,2025-10-06,paid_search,mobile,54.02,paid
872,162,2025-11-26,paid_search,desktop,81.35,paid
873,51,2025-10-21,referral,desktop,81.72,refunded
874,136,2025-10-20,organic,mobile,80.29,paid
875,160,2025-10-25,referral,mobile,51.42,refunded
876,82,2025-11-24,email,tablet,63.57,refunded
877,198,2025-11-15,social,tablet,41.17,paid
878,27,2025-11-19,email,mobile,79.64,paid
879,35,2025-10-03,referral,mobile,97.67,paid
880,120,2025-11-13,referral,mobile,13.41,paid
881,169,2025-10-05,social,desktop,82.05,failed
882,22,2025-10-10,email,tablet,30.6,paid
883,184,2025-11-17,paid_search,tablet,79.55,paid
884,180,2025-10-05,social,mobile,66.52,failed
885,155,2025-11-23,email,desktop,44.61,paid
886,93,2025-10-08,paid_search,desktop,70.27,failed
887,30,2025-10-06,email,desktop,57.53,paid
888,48,2025-11-08,social,desktop,101.0,refunded
889,184,2025-10-13,paid_search,desktop,58.68,paid
890,132,2025-10-22,paid_search,mobile,46.89,paid
891,132,2025-10-31,referral,desktop,75.12,paid
892,45,2025-11-16,social,tablet,24.54,paid
893,169,2025-10-27,paid_search,tablet,60.36,paid
894,3,2025-11-20,social,tablet,60.13,paid
895,10,2025-11-30,social,desktop,77.98,paid
896,78,2025-10-24,referral,desktop,59.73,refunded
897,97,2025-10-19,email,tablet,73.81,failed
898,194,2025-11-28,paid_search,tablet,71.46,paid
899,187,2025-10-11,social,tablet,61.39,paid
900,98,2025-10-28,social,mobile,14.24,paid
901,139,2025-11-15,social,mobile,36.06,paid
902,199,2025-10-09,referral,tablet,99.68,paid
903,141,2025-10-30,email,tablet,86.58,paid
904,187,2025-10-22,social,mobile,50.65,paid
905,26,2025-10-08,organic,mobile,57.33,paid
906,19,2025-11-09,organic,desktop,65.08,paid
907,51,2025-11-25,email,desktop,35.37,paid
908,164,2025-11-10,referral,desktop,65.98,paid
909,89,2025-11-16,social,tablet,81.72,paid
910,154,2025-11-07,referral,mobile,25.25,refunded
911,115,2025-10-27,paid_search,mobile,122.26,paid
912,93,2025-11-04,social,tablet,64.63,paid
913,168,2025-11-28,referral,desktop,34.71,paid
914,184,2025-10-09,email,mobile,48.41,paid
915,135,2025-10-19,social,mobile,78.88,paid
916,191,2025-11-08,organic,mobile,20.15,paid
917,189,2025-10-28,organic,desktop,79.49,paid
918,84,2025-10-20,social,tablet,89.77,paid
919,126,2025-11-04,paid_search,tablet,60.05,refunded
920,144,2025-11-27,paid_search,mobile,56.31,paid
921,167,2025-11-05,referral,desktop,68.86,paid
922,15,2025-10-14,referral,mobile,51.57,failed
923,183,2025-11-27,email,mobile,55.94,failed
924,55,2025-10-10,paid_search,tablet,43.08,refunded
925,8,2025-10-28,referral,desktop,84.99,paid
926,108,2025-10-14,referral,tablet,88.8,refunded
927,14,2025-10-06,paid_search,tablet,66.71,paid
928,138,2025-10-17,paid_search,tablet,15.46,paid
929,60,2025-11-08,referral,tablet,83.06,paid
930,192,2025-10-30,referral,tablet,105.18,paid
931,70,2025-11-23,organic,desktop,90.0,paid
932,114,2025-11-25,organic,mobile,11.63,failed
933,174,2025-10-27,paid_search,tablet,77.41,paid
934,105,2025-11-19,paid_search,mobile,81.62,paid
935,42,2025-11-25,social,desktop,30.69,paid
936,163,2025-10-14,email,mobile,78.57,paid
937,50,2025-11-07,paid_search,desktop,48.1,refunded
938,113,2025-11-19,referral,desktop,87.13,refunded
939,71,2025-10-31,referral,mobile,31.94,failed
940,44,2025-10-15,organic,desktop,56.72,refunded
941,18,2025-10-26,social,desktop,92.85,refunded
942,166,2025-10-10,email,tablet,84.01,failed
943,2,2025-10-03,social,tablet,83.62,refunded
944,111,2025-11-09,social,mobile,27.27,failed
945,168,2025-11-12,paid_search,tablet,59.95,paid
946,174,2025-11-24,email,desktop,57.78,failed
947,147,2025-11-13,paid_search,tablet,68.51,failed
948,104,2025-11-11,paid_search,desktop,104.11,paid
949,35,2025-11-27,referral,desktop,116.17,refunded
950,113,2025-11-01,social,desktop,21.53,failed
951,6,2025-10-23,social,tablet,17.8,refunded
952,30,2025-10-22,social,desktop,46.58,failed
953,156,2025-11-06,social,desktop,64.35,paid
954,93,2025-11-21,referral,mobile,41.07,paid
955,86,2025-10-19,email,mobile,66.41,paid
956,50,2025-10-14,organic,tablet,46.69,paid
957,38,2025-10-20,social,mobile,61.19,paid
958,37,2025-11-05,referral,mobile,68.53,paid
959,112,2025-11-23,email,desktop,74.57,paid
960,162,2025-11-25,paid_search,tablet,98.87,paid
961,78,2025-10-03,organic,mobile,72.77,paid
962,182,2025-11-14,paid_search,mobile,67.45,refunded
963,42,2025-10-07,paid_search,desktop,74.41,paid
964,112,2025-10-21,email,desktop,91.1,paid
965,115,2025-10-15,paid_search,mobile,54.47,paid
966,39,2025-11-20,social,tablet,60.59,paid
967,115,2025-11-03,email,tablet,20.94,failed
968,4,2025-10-29,email,mobile,22.29,failed
969,163,2025-10-22,paid_search,mobile,44.0,failed
970,133,2025-10-10,email,mobile,34.72,refunded
971,41,2025-11-14,referral,mobile,42.12,paid
972,107,2025-11-15,paid_search,tablet,36.6,refunded
973,187,2025-11-12,referral,tablet,6.72,paid
974,81,2025-11-27,email,mobile,94.39,paid
975,55,2025-11-20,organic,tablet,42.27,paid
976,82,2025-11-11,referral,desktop,30.38,failed
977,87,2025-10-11,social,mobile,31.88,refunded
978,194,2025-10-03,paid_search,desktop,45.98,paid
979,147,2025-10-27,email,tablet,87.74,paid
980,23,2025-11-07,paid_search,mobile,41.71,refunded
981,71,2025-11-26,email,tablet,98.25,paid
982,21,2025-11-16,email,tablet,93.16,paid
983,25,2025-10-03,paid_search,mobile,20.04,paid
984,72,2025-11-20,social,mobile,61.54,failed
985,129,2025-11-03,social,desktop,30.83,paid
986,103,2025-11-13,email,mobile,74.46,paid
987,192,2025-11-23,organic,tablet,83.14,failed
988,189,2025-11-17,paid_search,desktop,89.79,refunded
989,64,2025-10-17,email,mobile,62.58,paid
990,21,2025-11-24,organic,mobile,54.03,refunded
991,154,2025-10-31,social,desktop,67.29,failed
992,48,2025-10-09,organic,tablet,52.81,paid
993,129,2025-10-17,paid_search,desktop,52.28,paid
994,65,2025-10-17,organic,mobile,72.81,paid
995,157,2025-10-20,email,tablet,102.23,failed
996,114,2025-10-14,organic,desktop,52.24,refunded
997,81,2025-11-13,email,desktop,82.84,failed
998,51,2025-11-29,social,mobile,69.12,failed
999,176,2025-10-08,paid_search,mobile,35.98,refunded
1000,121,2025-11-01,social,tablet,51.5,paid
1001,26,2025-11-05,social,mobile,5,paid
1002,25,2025-10-24,email,mobile,61.07,paid
1003,128,2025-11-07,referral,tablet,55.45,paid
1004,81,2025-11-19,organic,desktop,81.92,paid
1005,118,2025-10-08,social,tablet,86.54,paid
1006,124,2025-11-30,paid_search,tablet,52.61,paid
1007,93,2025-10-13,paid_search,tablet,43.29,failed
1008,17,2025-10-27,organic,mobile,47.07,failed
1009,19,2025-10-14,paid_search,tablet,23.31,paid
1010,176,2025-10-19,organic,mobile,56.55,failed
1011,183,2025-11-12,email,mobile,67.94,paid
1012,81,2025-11-27,referral,tablet,60.09,paid
1013,132,2025-10-27,referral,mobile,36.87,paid
1014,147,2025-10-13,paid_search,mobile,91.83,paid
1015,54,2025-11-29,referral,desktop,83.95,refunded
1016,104,2025-11-14,organic,mobile,82.96,failed
1017,179,2025-10-28,social,tablet,91.82,paid
1018,110,2025-10-24,organic,mobile,86.49,paid
1019,110,2025-11-09,social,tablet,35.82,paid
1020,142,2025-10-09,social,desktop,55.17,paid
1021,140,2025-10-10,organic,tablet,67.49,paid
1022,41,2025-10-20,referral,tablet,72.23,failed
1023,25,2025-11-05,organic,tablet,32.11,paid
1024,61,2025-10-28,paid_search,mobile,60.6,paid
1025,62,2025-11-27,organic,desktop,68.33,failed
1026,100,2025-10-28,social,desktop,43.38,paid
1027,57,2025-11-12,referral,mobile,67.91,paid
1028,155,2025-11-29,paid_search,mobile,59.63,paid
1029,67,2025-10-06,social,tablet,66.29,paid
1030,109,2025-11-18,social,mobile,18.58,failed
1031,200,2025-11-29,paid_search,desktop,24.04,refunded
1032,84,2025-11-29,organic,tablet,72.46,failed
1033,110,2025-11-29,organic,tablet,63.84,paid
1034,161,2025-11-20,organic,desktop,66.58,failed
1035,11,2025-10-22,paid_search,tablet,88.97,refunded
1036,44,2025-10-15,paid_search,desktop,68.97,paid
1037,170,2025-10-30,organic,tablet,105.29,paid
1038,170,2025-10-26,organic,mobile,89.33,refunded
1039,23,2025-11-04,social,mobile,29.44,paid
1040,170,2025-11-12,social,mobile,5,paid
1041,103,2025-10-27,paid_search,mobile,49.99,paid
1042,15,2025-11-04,paid_search,desktop,35.42,paid
1043,98,2025-11-02,organic,tablet,51.92,refunded
1044,145,2025-11-21,email,desktop,42.7,paid
1045,151,2025-11-22,organic,desktop,70.13,refunded
1046,33,2025-11-12,organic,tablet,51.82,paid
1047,149,2025-11-16,organic,mobile,98.04,paid
1048,62,2025-10-04,paid_search,tablet,71.11,paid
1049,90,2025-10-11,social,mobile,51.97,refunded
1050,113,2025-10-12,organic,mobile,37.49,paid
1051,140,2025-11-16,paid_search,tablet,43.4,paid
1052,184,2025-10-08,organic,desktop,67.73,paid
1053,172,2025-10-15,social,mobile,67.35,paid
1054,152,2025-10-21,referral,tablet,60.17,refunded
1055,165,2025-11-20,paid_search,desktop,90.58,failed
1056,53,2025-10-31,social,mobile,49.6,paid
1057,91,2025-11-02,referral,desktop,5,failed
1058,33,2025-11-02,organic,desktop,32.53,refunded
1059,171,2025-11-08,social,mobile,72.15,refunded
1060,200,2025-10-24,referral,desktop,88.3,paid
1061,181,2025-11-29,referral,desktop,81.64,paid
1062,103,2025-11-23,organic,desktop,37.43,refunded
1063,83,2025-11-16,social,tablet,43.17,paid
1064,117,2025-10-24,organic,desktop,23.26,paid
1065,60,2025-11-20,social,tablet,22.9,paid
1066,178,2025-10-02,social,tablet,76.84,paid
1067,88,2025-10-24,referral,tablet,37.39,paid
1068,59,2025-10-22,social,desktop,74.42,paid
1069,185,2025-11-20,organic,desktop,58.69,paid
1070,70,2025-11-27,email,mobile,44.01,paid
1071,87,2025-11-24,social,desktop,5,paid
1072,81,2025-10-10,paid_search,tablet,90.26,paid
1073,91,2025-10-18,paid_search,desktop,94.78,paid
1074,45,2025-11-27,organic,desktop,73.94,refunded
1075,50,2025-10-10,organic,mobile,63.45,paid
1076,113,2025-11-02,email,tablet,36.02,paid
1077,6,2025-10-26,organic,tablet,41.18,paid
1078,30,2025-11-18,social,desktop,75.56,paid
1079,174,2025-10-03,organic,tablet,48.55,failed
1080,157,2025-10-15,social,mobile,48.61,paid
1081,182,2025-11-24,email,tablet,70.8,failed
1082,83,2025-10-08,organic,tablet,44.92,paid
1083,133,2025-11-11,email,mobile,66.4,paid
1084,55,2025-10-29,social,desktop,51.23,paid
1085,4,2025-11-27,email,mobile,63.06,refunded
1086,63,2025-10-22,referral,mobile,82.25,refunded
1087,163,2025-10-03,social,desktop,28.64,refunded
1088,199,2025-11-15,email,desktop,56.1,paid
1089,14,2025-11-12,referral,mobile,46.87,failed
1090,121,2025-11-05,email,mobile,72.28,paid
1091,67,2025-11-18,organic,desktop,60.45,refunded
1092,55,2025-11-14,organic,mobile,33.06,paid
1093,24,2025-10-12,referral,desktop,41.91,paid
1094,180,2025-10-23,referral,desktop,79.52,paid
1095,26,2025-11-02,social,tablet,47.89,paid
1096,57,2025-11-26,email,desktop,57.86,paid
1097,155,2025-11-09,organic,tablet,41.37,paid
1098,30,2025-10-24,referral,tablet,52.72,paid
1099,36,2025-10-22,paid_search,desktop,54.35,paid
1100,93,2025-10-15,email,mobile,49.08,paid
1101,170,2025-10-13,email,desktop,46.13,paid
1102,45,2025-11-20,email,mobile,36.62,paid
1103,188,2025-10-04,social,tablet,77.32,refunded
1104,173,2025-10-03,email,tablet,63.16,refunded
1105,51,2025-11-04,paid_search,desktop,76.74,failed
1106,35,2025-11-14,referral,mobile,91.86,failed
1107,81,2025-10-19,email,tablet,47.26,failed
1108,29,2025-10-09,social,desktop,55.8,paid
1109,174,2025-10-13,referral,mobile,26.83,refunded
1110,191,2025-11-23,social,tablet,50.09,paid
1111,193,2025-11-24,paid_search,mobile,42.09,paid
1112,21,2025-11-09,referral,mobile,80.57,failed
1113,177,2025-11-02,organic,mobile,57.29,failed
1114,6,2025-10-02,referral,mobile,40.46,refunded
1115,23,2025-11-23,paid_search,mobile,72.65,paid
1116,81,2025-11-27,social,tablet,35.58,paid
1117,34,2025-10-22,organic,tablet,21.8,paid
1118,13,2025-10-11,social,tablet,99.31,paid
1119,77,2025-11-28,paid_search,desktop,58.96,failed
1120,72,2025-11-05,organic,mobile,49.36,paid
1121,59,2025-10-20,referral,desktop,107.77,failed
1122,154,2025-11-25,paid_search,desktop,90.94,failed
1123,119,2025-10-25,paid_search,mobile,66.2,paid
1124,70,2025-11-17,referral,mobile,33.12,paid
1125,178,2025-10-20,paid_search,desktop,45.85,paid
1126,119,2025-11-02,social,tablet,70.82,refunded
1127,7,2025-11-09,social,desktop,60.92,paid
1128,41,2025-10-23,email,tablet,18.67,refunded
1129,41,2025-11-03,paid_search,desktop,62.37,failed
1130,54,2025-11-20,paid_search,tablet,33.8,paid
1131,91,2025-11-06,social,desktop,64.26,paid
1132,124,2025-10-19,email,tablet,49.72,failed
1133,56,2025-10-21,social,desktop,58.58,paid
1134,142,2025-11-05,referral,tablet,60.59,paid
1135,180,2025-11-19,organic,tablet,78.0,refunded
1136,120,2025-10-28,email,mobile,92.71,paid
1137,40,2025-10-27,social,mobile,84.99,refunded
1138,100,2025-10-18,paid_search,mobile,107.06,paid
1139,185,2025-11-06,referral,tablet,68.01,paid
1140,113,2025-11-11,referral,desktop,47.52,paid
1141,5,2025-11-29,referral,mobile,78.72,failed
1142,112,2025-10-14,social,tablet,40.4,failed
1143,59,2025-11-30,social,mobile,27.58,refunded
1144,17,2025-11-11,paid_search,tablet,44.03,paid
1145,40,2025-10-17,organic,mobile,21.41,failed
1146,13,2025-10-13,paid_search,mobile,47.28,paid
1147,66,2025-10-17,paid_search,desktop,69.78,paid
1148,77,2025-11-28,email,mobile,43.1,paid
1149,63,2025-11-20,paid_search,mobile,78.64,paid
1150,85,2025-11-17,organic,desktop,42.12,refunded
1151,200,2025-10-02,organic,desktop,77.11,refunded
1152,106,2025-11-11,referral,desktop,59.55,paid
1153,80,2025-10-27,referral,tablet,114.54,refunded
1154,174,2025-10-28,referral,tablet,86.8,refunded
1155,71,2025-10-12,email,mobile,85.56,paid
1156,144,2025-10-14,email,tablet,12.06,paid
1157,143,2025-11-02,social,desktop,66.73,paid
1158,4,2025-10-17,email,tablet,52.34,paid
1159,50,2025-10-31,email,tablet,81.07,paid
1160,37,2025-11-11,email,tablet,13.6,paid
1161,169,2025-10-19,social,tablet,86.73,failed
1162,60,2025-10-22,organic,mobile,63.7,paid
1163,172,2025-10-06,social,tablet,49.83,paid
1164,30,2025-10-06,organic,desktop,103.03,paid
1165,200,2025-11-16,referral,desktop,93.81,failed
1166,190,2025-10-27,organic,mobile,40.46,failed
1167,119,2025-10-20,organic,desktop,33.0,paid
1168,98,2025-10-13,social,desktop,62.19,refunded
1169,101,2025-11-03,organic,tablet,60.67,paid
1170,167,2025-10-29,social,mobile,39.8,paid
1171,113,2025-10-25,paid_search,tablet,61.62,failed
1172,44,2025-10-28,paid_search,desktop,39.97,paid
1173,32,2025-11-05,referral,desktop,70.27,paid
1174,151,2025-10-29,organic,mobile,61.08,paid
1175,104,2025-10-20,email,desktop,13.9,paid
1176,122,2025-10-06,organic,mobile,58.22,paid
1177,129,2025-10-15,referral,mobile,30.35,failed
1178,133,2025-10-05,paid_search,desktop,24.92,refunded
1179,113,2025-10-17,organic,tablet,41.43,paid
1180,140,2025-11-30,email,desktop,48.86,failed
1181,15,2025-11-25,referral,tablet,80.16,paid
1182,151,2025-11-23,social,tablet,77.08,refunded
1183,75,2025-10-12,email,tablet,55.36,paid
1184,77,2025-11-05,social,tablet,57.66,failed
1185,22,2025-10-07,paid_search,desktop,69.25,paid
1186,82,2025-11-02,referral,desktop,32.24,paid
1187,96,2025-10-16,social,tablet,15.02,failed
1188,62,2025-10-28,email,desktop,87.67,failed
1189,53,2025-10-09,referral,mobile,96.11,paid
1190,66,2025-11-25,paid_search,desktop,59.44,paid
1191,177,2025-11-09,paid_search,tablet,82.8,paid
1192,77,2025-11-12,organic,mobile,49.19,refunded
1193,165,2025-11-11,paid_search,desktop,34.34,refunded
1194,176,2025-10-28,paid_search,desktop,55.33,failed
1195,190,2025-11-11,email,tablet,51.83,refunded
1196,49,2025-10-25,paid_search,tablet,95.72,paid
1197,143,2025-10-30,organic,tablet,70.04,failed
1198,45,2025-11-23,social,desktop,62.35,refunded
1199,122,2025-10-22,paid_search,tablet,50.83,paid
1200,44,2025-10-06,paid_search,tablet,82.14,failed
1201,55,2025-10-31,paid_search,mobile,53.98,failed
1202,58,2025-11-24,social,desktop,69.95,paid
1203,22,2025-10-18,email,mobile,75.31,refunded
1204,120,2025-10-01,email,tablet,113.91,refunded
1205,1,2025-10-07,social,mobile,77.45,paid
1206,152,2025-10-07,email,tablet,55.56,refunded
1207,149,2025-11-12,social,mobile,41.21,paid
1208,96,2025-11-06,organic,mobile,59.52,failed
1209,6,2025-11-10,email,tablet,48.96,paid
1210,103,2025-10-10,referral,desktop,15.83,paid
1211,89,2025-10-26,referral,tablet,65.77,paid
1212,154,2025-10-28,paid_search,desktop,69.19,failed
1213,175,2025-10-21,referral,mobile,88.18,paid
1214,86,2025-10-17,social,tablet,68.65,paid
1215,111,2025-11-19,email,tablet,32.99,paid
1216,29,2025-11-14,referral,mobile,55.92,paid
1217,64,2025-11-17,paid_search,mobile,38.63,paid
1218,54,2025-11-01,social,mobile,11.71,paid
1219,187,2025-10-29,paid_search,mobile,52.33,paid
1220,115,2025-10-05,organic,desktop,60.87,paid
1221,5,2025-11-26,organic,desktop,34.42,paid
1222,36,2025-11-19,organic,tablet,63.11,refunded
1223,61,2025-10-22,email,mobile,50.18,failed
1224,3,2025-10-21,organic,tablet,87.37,refunded
1225,52,2025-10-15,organic,mobile,58.01,refunded
1226,126,2025-11-14,email,desktop,63.34,paid
1227,150,2025-10-25,email,tablet,56.53,paid
1228,105,2025-11-09,organic,desktop,58.08,failed
1229,135,2025-10-25,organic,desktop,69.03,refunded
1230,130,2025-11-08,organic,mobile,66.88,failed
1231,121,2025-11-25,social,mobile,65.12,failed
1232,108,2025-11-12,referral,desktop,11.79,paid
1233,122,2025-11-27,email,desktop,78.6,paid
1234,76,2025-11-10,referral,tablet,46.04,paid
1235,85,2025-10-20,referral,desktop,5,failed
1236,169,2025-10-02,email,desktop,44.67,failed
1237,163,2025-11-16,email,desktop,47.69,failed
1238,12,2025-11-15,social,tablet,53.2,paid
1239,38,2025-10-21,paid_search,mobile,50.27,paid
1240,68,2025-10-16,email,mobile,22.38,failed
1241,156,2025-11-19,organic,mobile,44.82,refunded
1242,133,2025-11-26,email,desktop,89.57,paid
1243,115,2025-10-12,social,desktop,95.68,paid
1244,136,2025-10-18,email,mobile,6.92,paid
1245,42,2025-11-23,referral,tablet,73.58,paid
1246,84,2025-10-22,organic,mobile,38.83,refunded
1247,35,2025-11-29,referral,mobile,47.17,refunded
1248,130,2025-11-18,paid_search,desktop,96.65,paid
1249,56,2025-11-26,paid_search,mobile,102.34,paid
1250,67,2025-10-07,paid_search,desktop,43.1,failed
1251,84,2025-11-23,email,tablet,71.0,paid
1252,174,2025-11-06,email,desktop,71.62,paid
1253,155,2025-11-04,social,mobile,74.02,paid
1254,178,2025-11-14,organic,tablet,91.55,paid
1255,52,2025-11-19,social,mobile,59.03,paid
1256,198,2025-11-13,email,tablet,62.64,paid
1257,114,2025-10-07,paid_search,mobile,81.16,paid
1258,19,2025-11-29,organic,mobile,73.97,refunded
1259,22,2025-10-09,email,tablet,60.73,refunded
1260,30,2025-10-02,email,desktop,96.9,paid
1261,62,2025-11-07,email,tablet,69.52,paid
1262,180,2025-11-24,paid_search,desktop,21.59,paid
1263,75,2025-10-27,paid_search,desktop,51.77,paid
1264,114,2025-10-19,paid_search,tablet,100.15,refunded
1265,78,2025-10-25,organic,desktop,52.22,paid
1266,146,2025-10-29,email,desktop,52.46,refunded
1267,67,2025-10-26,paid_search,tablet,83.54,refunded
1268,49,2025-10-01,email,desktop,77.82,paid
1269,97,2025-11-11,organic,desktop,85.38,paid
1270,79,2025-10-27,referral,mobile,84.92,paid
1271,84,2025-10-29,referral,desktop,69.97,failed
1272,160,2025-10-09,paid_search,desktop,41.98,failed
1273,5,2025-10-27,social,tablet,48.69,refunded
1274,96,2025-11-26,paid_search,desktop,16.73,paid
1275,120,2025-10-27,organic,mobile,54.78,paid
1276,80,2025-10-25,paid_search,desktop,21.67,paid
1277,148,2025-11-12,email,desktop,106.48,refunded
1278,28,2025-10-15,organic,desktop,21.68,failed
1279,30,2025-11-07,email,tablet,59.81,paid
1280,147,2025-10-27,paid_search,mobile,17.76,failed
1281,130,2025-11-04,email,desktop,82.31,refunded
1282,188,2025-10-29,organic,desktop,58.66,failed
1283,131,2025-10-14,organic,desktop,35.84,paid
1284,21,2025-11-26,paid_search,mobile,21.1,refunded
1285,200,2025-10-20,referral,mobile,31.02,paid
1286,188,2025-10-05,paid_search,tablet,71.13,paid
1287,177,2025-10-06,social,desktop,19.05,paid
1288,37,2025-11-05,social,tablet,98.28,refunded
1289,58,2025-10-08,organic,tablet,87.8,refunded
1290,161,2025-11-16,social,desktop,67.86,refunded
1291,60,2025-10-18,email,tablet,66.2,paid
1292,195,2025-11-21,paid_search,tablet,74.55,refunded
1293,196,2025-11-05,social,tablet,79.51,paid
1294,137,2025-10-16,organic,tablet,68.47,paid
1295,99,2025-10-15,organic,desktop,43.98,refunded
1296,162,2025-11-16,social,desktop,45.06,refunded
1297,60,2025-11-06,social,tablet,54.04,refunded
1298,147,2025-10-23,email,mobile,39.8,paid
1299,148,2025-11-26,email,tablet,60.48,paid
1300,128,2025-10-14,email,tablet,26.66,failed
1301,154,2025-11-18,email,mobile,77.98,paid
1302,121,2025-11-19,organic,tablet,128.88,paid
1303,75,2025-11-12,email,tablet,54.87,failed
1304,172,2025-11-24,paid_search,desktop,47.44,failed
1305,126,2025-11-08,social,desktop,82.05,paid
1306,6,2025-10-07,social,desktop,109.94,paid
1307,148,2025-10-10,organic,desktop,78.87,failed
1308,38,2025-10-07,social,desktop,95.89,failed
1309,106,2025-10-18,social,tablet,42.76,failed
1310,88,2025-10-17,organic,mobile,38.51,paid
1311,59,2025-10-21,social,desktop,68.22,paid
1312,187,2025-11-23,social,desktop,16.08,paid
1313,132,2025-11-27,social,mobile,73.02,paid
1314,88,2025-10-08,referral,mobile,56.12,refunded
1315,65,2025-10-06,social,desktop,36.05,failed
1316,133,2025-11-19,organic,desktop,47.16,refunded
1317,160,2025-11-20,email,desktop,58.79,paid
1318,63,2025-11-26,social,tablet,75.78,paid
1319,61,2025-11-29,paid_search,tablet,60.27,failed
1320,61,2025-10-09,referral,tablet,78.82,refunded
1321,90,2025-11-25,paid_search,tablet,23.01,paid
1322,109,2025-11-03,email,mobile,60.39,paid
1323,183,2025-10-22,organic,desktop,79.35,paid
1324,132,2025-11-03,paid_search,tablet,65.12,paid
1325,133,2025-11-09,social,mobile,74.44,failed
1326,196,2025-10-22,email,mobile,79.52,refunded
1327,87,2025-11-20,social,mobile,9.63,refunded
1328,126,2025-10-13,paid_search,tablet,97.58,failed
1329,31,2025-11-14,paid_search,tablet,85.08,paid
1330,87,2025-10-10,organic,mobile,24.91,failed
1331,186,2025-11-11,email,mobile,44.39,failed
1332,12,2025-10-20,email,desktop,94.63,refunded
1333,70,2025-11-21,organic,mobile,34.74,refunded
1334,46,2025-10-06,paid_search,desktop,98.36,failed
1335,109,2025-10-13,organic,tablet,119.76,paid
1336,156,2025-10-09,organic,tablet,50.26,refunded
1337,113,2025-11-30,social,mobile,22.03,refunded
1338,145,2025-10-18,referral,mobile,34.19,paid
1339,35,2025-10-30,paid_search,mobile,101.0,paid
1340,8,2025-11-27,referral,desktop,58.66,paid
1341,125,2025-10-27,email,desktop,25.47,paid
1342,130,2025-10-07,email,tablet,100.76,paid
1343,104,2025-11-14,paid_search,mobile,88.18,failed
1344,104,2025-11-21,paid_search,tablet,92.39,refunded
1345,72,2025-10-18,social,tablet,70.65,paid
1346,131,2025-11-04,referral,mobile,66.3,failed
1347,56,2025-10-09,social,mobile,82.19,paid
1348,13,2025-10-27,paid_search,mobile,62.32,paid
1349,123,2025-10-31,paid_search,desktop,84.93,paid
1350,193,2025-11-16,paid_search,mobile,33.29,failed
1351,175,2025-11-08,organic,desktop,32.55,failed
1352,54,2025-11-21,social,mobile,66.36,paid
1353,113,2025-10-07,social,tablet,90.72,failed
1354,200,2025-11-30,referral,tablet,87.89,failed
1355,38,2025-11-28,social,tablet,56.86,paid
1356,127,2025-11-06,email,tablet,52.85,paid
1357,34,2025-10-22,email,mobile,36.64,failed
1358,133,2025-10-24,referral,desktop,71.75,paid
1359,110,2025-10-17,organic,desktop,13.82,paid
1360,83,2025-11-16,organic,desktop,108.29,refunded
1361,115,2025-10-12,paid_search,tablet,39.96,paid
1362,39,2025-11-25,organic,tablet,46.96,paid
1363,120,2025-11-13,paid_search,tablet,56.12,paid
1364,115,2025-10-17,email,desktop,67.75,refunded
1365,30,2025-10-15,social,mobile,77.72,paid
1366,152,2025-11-22,email,mobile,101.81,paid
1367,109,2025-11-16,email,tablet,68.58,failed
1368,122,2025-11-20,referral,mobile,99.22,paid
1369,179,2025-11-07,referral,tablet,85.61,paid
1370,151,2025-10-15,email,desktop,61.26,paid
1371,147,2025-11-27,paid_search,tablet,47.82,failed
1372,85,2025-11-30,organic,desktop,83.99,failed
1373,5,2025-10-08,paid_search,tablet,59.84,failed
1374,88,2025-11-23,organic,desktop,118.65,paid
1375,83,2025-11-05,referral,tablet,73.84,paid
1376,132,2025-10-18,social,tablet,107.95,paid
1377,115,2025-11-20,email,mobile,56.84,failed
1378,43,2025-11-07,paid_search,desktop,39.41,paid
1379,55,2025-11-16,social,desktop,47.62,refunded
1380,102,2025-10-10,social,mobile,81.79,refunded
1381,166,2025-10-17,social,tablet,84.87,paid
1382,98,2025-10-18,paid_search,mobile,109.83,paid
1383,179,2025-11-22,paid_search,mobile,30.35,paid
1384,165,2025-10-22,referral,desktop,67.47,paid
1385,173,2025-11-15,social,mobile,59.75,paid
1386,28,2025-11-22,social,tablet,43.94,refunded
1387,84,2025-11-08,social,desktop,60.19,paid
1388,179,2025-11-17,referral,tablet,80.74,paid
1389,147,2025-10-03,referral,mobile,91.98,failed
1390,111,2025-10-13,paid_search,desktop,64.62,failed
1391,193,2025-11-21,social,desktop,55.84,paid
1392,102,2025-11-11,social,tablet,66.44,paid
1393,182,2025-10-07,referral,tablet,58.62,paid
1394,73,2025-10-18,social,tablet,5,paid
1395,60,2025-11-19,social,tablet,93.15,paid
1396,168,2025-10-28,social,desktop,69.27,paid
1397,161,2025-10-11,referral,tablet,102.24,paid
1398,46,2025-11-06,organic,tablet,12.44,paid
1399,8,2025-10-16,paid_search,tablet,39.74,refunded
1400,149,2025-10-30,paid_search,mobile,82.18,paid
1401,23,2025-10-02,organic,tablet,32.08,paid
1402,48,2025-10-09,social,desktop,21.45,paid
1403,130,2025-11-13,paid_search,tablet,88.84,paid
1404,82,2025-10-12,paid_search,desktop,104.16,paid
1405,115,2025-10-26,paid_search,tablet,69.0,paid
1406,142,2025-10-16,email,desktop,79.24,paid
1407,136,2025-10-22,organic,tablet,38.29,failed
1408,161,2025-11-06,organic,tablet,42.92,paid
1409,157,2025-10-07,email,mobile,72.89,failed
1410,26,2025-10-07,paid_search,tablet,78.2,refunded
1411,67,2025-10-21,social,tablet,99.03,paid
1412,96,2025-10-23,social,tablet,74.16,paid
1413,117,2025-10-30,social,desktop,55.71,failed
1414,26,2025-11-17,social,mobile,53.88,paid
1415,183,2025-11-14,social,tablet,22.77,failed
1416,152,2025-10-24,email,desktop,52.74,paid
1417,19,2025-11-21,paid_search,tablet,83.77,refunded
1418,11,2025-10-03,referral,desktop,34.07,failed
1419,139,2025-10-12,organic,mobile,33.03,paid
1420,27,2025-11-13,paid_search,tablet,77.06,refunded
1421,165,2025-11-09,paid_search,mobile,73.39,paid
1422,3,2025-11-16,paid_search,mobile,24.01,refunded
1423,137,2025-11-26,referral,tablet,61.86,failed
1424,102,2025-10-31,social,mobile,45.55,paid
1425,175,2025-10-21,email,mobile,46.45,paid
1426,112,2025-11-26,paid_search,tablet,98.23,failed
1427,116,2025-10-09,referral,desktop,18.27,paid
1428,183,2025-11-27,email,tablet,42.64,failed
1429,39,2025-10-01,email,desktop,39.3,failed
1430,8,2025-11-11,email,mobile,93.7,paid
1431,121,2025-10-05,paid_search,desktop,81.47,refunded
1432,166,2025-10-06,email,tablet,73.34,failed
1433,114,2025-11-07,social,desktop,47.81,paid
1434,111,2025-10-05,email,mobile,91.71,failed
1435,89,2025-11-15,paid_search,mobile,78.39,paid
1436,62,2025-10-15,social,mobile,78.66,refunded
1437,71,2025-10-19,social,tablet,88.73,failed
1438,100,2025-11-08,social,tablet,70.65,failed
1439,177,2025-11-10,email,desktop,53.72,refunded
1440,11,2025-10-07,email,tablet,32.49,paid
1441,48,2025-11-10,email,mobile,92.76,paid
1442,70,2025-10-24,referral,tablet,20.41,paid
1443,85,2025-10-01,email,tablet,11.69,paid
1444,87,2025-10-22,social,desktop,32.65,paid
1445,46,2025-11-20,organic,desktop,92.59,failed
1446,188,2025-10-21,paid_search,tablet,52.86,paid
1447,1,2025-10-24,social,desktop,65.49,paid
1448,137,2025-10-02,organic,tablet,85.05,paid
1449,179,2025-11-05,referral,tablet,53.84,refunded
1450,148,2025-10-17,organic,desktop,52.47,refunded
1451,7,2025-11-30,organic,tablet,58.73,paid
1452,61,2025-11-05,referral,tablet,64.35,refunded
1453,25,2025-11-08,social,desktop,68.44,paid
1454,37,2025-10-05,email,desktop,55.37,paid
1455,46,2025-11-29,referral,desktop,50.2,refunded
1456,172,2025-11-19,social,desktop,15.58,failed
1457,144,2025-11-06,organic,tablet,69.69,failed
1458,148,2025-10-04,paid_search,desktop,46.44,paid
1459,48,2025-10-27,email,mobile,31.58,paid
1460,175,2025-10-06,referral,mobile,77.64,paid
1461,66,2025-10-29,paid_search,tablet,77.59,paid
1462,194,2025-10-02,referral,desktop,13.49,paid
1463,5,2025-10-04,referral,mobile,43.28,refunded
1464,54,2025-11-29,organic,tablet,67.67,paid
1465,28,2025-10-15,organic,desktop,64.55,refunded
1466,81,2025-10-31,paid_search,desktop,86.5,refunded
1467,180,2025-10-11,paid_search,tablet,40.0,paid
1468,174,2025-11-10,organic,desktop,99.86,failed
1469,127,2025-10-07,social,mobile,76.61,paid
1470,157,2025-11-13,email,desktop,68.24,refunded
1471,97,2025-11-13,email,mobile,92.65,refunded
1472,74,2025-11-05,organic,tablet,97.9,failed
1473,41,2025-10-22,paid_search,mobile,36.58,refunded
1474,177,2025-11-22,email,tablet,84.18,refunded
1475,112,2025-11-04,paid_search,mobile,31.07,paid
1476,85,2025-10-05,organic,desktop,19.0,paid
1477,122,2025-10-12,email,mobile,58.86,refunded
1478,19,2025-11-07,organic,tablet,24.74,refunded
1479,49,2025-10-02,paid_search,mobile,118.94,paid
1480,106,2025-10-21,paid_search,desktop,54.14,failed
1481,50,2025-11-04,organic,mobile,75.28,paid
1482,191,2025-11-26,referral,mobile,53.04,paid
1483,171,2025-10-20,organic,mobile,99.04,refunded
1484,135,2025-11-23,email,tablet,63.38,refunded
1485,92,2025-11-23,referral,tablet,108.82,refunded
1486,37,2025-11-07,organic,mobile,32.77,refunded
1487,81,2025-11-06,referral,desktop,53.96,paid
1488,74,2025-10-22,social,mobile,115.98,paid
1489,198,2025-10-05,organic,tablet,97.63,refunded
1490,29,2025-11-20,email,mobile,33.71,paid
1491,69,2025-10-01,referral,tablet,20.63,failed
1492,61,2025-10-26,paid_search,mobile,92.79,paid
1493,156,2025-10-01,referral,tablet,48.58,paid
1494,136,2025-11-19,organic,mobile,31.99,paid
1495,193,2025-10-15,social,desktop,63.29,paid
1496,89,2025-10-28,paid_search,tablet,81.9,refunded
1497,51,2025-11-14,paid_search,desktop,59.01,refunded
1498,53,2025-11-17,email,tablet,62.81,paid
1499,80,2025-10-03,referral,mobile,83.66,refunded
1500,146,2025-10-25,organic,mobile,26.67,paid
